ptn_id,nama_ptn,kode_prodi,nama_prodi,jenjang,daya_tampung_2026,peminat_2025,rasio,kategori
353,UNIVERSITAS SEBELAS MARET,13532098,KEPERAWATAN ANESTESIOLOGI,Sarjana Terapan,23.0,4427.0,192.5,Sangat Ketat
353,UNIVERSITAS SEBELAS MARET,13533089,FARMASI,Diploma Tiga,26.0,4952.0,190.5,Sangat Ketat
362,UNIVERSITAS NEGERI YOGYAKARTA,13622083,TEKNIK SIPIL,Sarjana Terapan,12.0,2085.0,173.8,Sangat Ketat
353,UNIVERSITAS SEBELAS MARET,13533091,MANAJEMEN ADMINISTRASI,Diploma Tiga,27.0,3881.0,143.7,Sangat Ketat
353,UNIVERSITAS SEBELAS MARET,13532033,KESELAMATAN DAN KESEHATAN KERJA,Sarjana Terapan,41.0,5660.0,138.0,Sangat Ketat
353,UNIVERSITAS SEBELAS MARET,13533078,PERPAJAKAN,Diploma Tiga,27.0,2883.0,106.8,Sangat Ketat
362,UNIVERSITAS NEGERI YOGYAKARTA,13622082,TEKNIK MESIN,Sarjana Terapan,12.0,1265.0,105.4,Sangat Ketat
356,UNIVERSITAS NEGERI SEMARANG,13563073,STATISTIKA TERAPAN DAN KOMPUTASI,Diploma Tiga,12.0,1249.0,104.1,Sangat Ketat
353,UNIVERSITAS SEBELAS MARET,13533072,AKUNTANSI,Diploma Tiga,27.0,2705.0,100.2,Sangat Ketat
362,UNIVERSITAS NEGERI YOGYAKARTA,13622086,ADMINISTRASI PERKANTORAN,Sarjana Terapan,36.0,3482.0,96.7,Sangat Ketat
362,UNIVERSITAS NEGERI YOGYAKARTA,13621094,KEDOKTERAN,Sarjana,15.0,1419.0,94.6,Sangat Ketat
361,UNIVERSITAS GADJAH MADA,13612088,AKUNTANSI SEKTOR PUBLIK,Sarjana Terapan,30.0,2598.0,86.6,Sangat Ketat
361,UNIVERSITAS GADJAH MADA,13612091,BAHASA INGGRIS,Sarjana Terapan,23.0,1982.0,86.2,Sangat Ketat
361,UNIVERSITAS GADJAH MADA,13612048,MANAJEMEN INFORMASI KESEHATAN,Sarjana Terapan,36.0,3057.0,84.9,Sangat Ketat
353,UNIVERSITAS SEBELAS MARET,13533090,BUDI DAYA TERNAK,Diploma Tiga,18.0,1520.0,84.4,Sangat Ketat
362,UNIVERSITAS NEGERI YOGYAKARTA,13622089,PROMOSI KESEHATAN,Sarjana Terapan,12.0,981.0,81.8,Sangat Ketat
362,UNIVERSITAS NEGERI YOGYAKARTA,13622080,TEKNIK ELEKTRO,Sarjana Terapan,12.0,978.0,81.5,Sangat Ketat
361,UNIVERSITAS GADJAH MADA,13612115,BAHASA JEPANG UNTUK KOMUNIKASI BISNIS DAN PROFESIONAL,Sarjana Terapan,18.0,1453.0,80.7,Sangat Ketat
353,UNIVERSITAS SEBELAS MARET,13533082,AGRIBISNIS,Diploma Tiga,39.0,3140.0,80.5,Sangat Ketat
353,UNIVERSITAS SEBELAS MARET,13533083,TEKNIK KIMIA,Diploma Tiga,15.0,1162.0,77.5,Sangat Ketat
353,UNIVERSITAS SEBELAS MARET,13532100,PEMASARAN DIGITAL,Sarjana Terapan,35.0,2690.0,76.9,Sangat Ketat
362,UNIVERSITAS NEGERI YOGYAKARTA,13622079,AKUNTANSI,Sarjana Terapan,36.0,2636.0,73.2,Sangat Ketat
362,UNIVERSITAS NEGERI YOGYAKARTA,13622084,TATA BOGA,Sarjana Terapan,33.0,2394.0,72.5,Sangat Ketat
361,UNIVERSITAS GADJAH MADA,13612092,BISNIS PERJALANAN WISATA,Sarjana Terapan,27.0,1921.0,71.1,Sangat Ketat
361,UNIVERSITAS GADJAH MADA,13611082,ILMU KOMUNIKASI,Sarjana,24.0,1668.0,69.5,Sangat Ketat
361,UNIVERSITAS GADJAH MADA,13612090,PENGELOLAAN ARSIP DAN REKAMAN INFORMASI,Sarjana Terapan,23.0,1569.0,68.2,Sangat Ketat
362,UNIVERSITAS NEGERI YOGYAKARTA,13622085,MESIN OTOMOTIF,Sarjana Terapan,12.0,806.0,67.2,Sangat Ketat
362,UNIVERSITAS NEGERI YOGYAKARTA,13622081,MANAJEMEN PEMASARAN,Sarjana Terapan,36.0,2407.0,66.9,Sangat Ketat
355,UNIVERSITAS DIPONEGORO,13551033,KEDOKTERAN GIGI,Sarjana,15.0,986.0,65.7,Sangat Ketat
361,UNIVERSITAS GADJAH MADA,13612053,TEKNIK PENGELOLAAN DAN PEMELIHARAAN INFRASTRUKTUR SIPIL,Sarjana Terapan,22.0,1436.0,65.3,Sangat Ketat
353,UNIVERSITAS SEBELAS MARET,13533073,KEBIDANAN,Diploma Tiga,27.0,1754.0,65.0,Sangat Ketat
361,UNIVERSITAS GADJAH MADA,13612049,TEKNOLOGI REKAYASA PERANGKAT LUNAK,Sarjana Terapan,29.0,1828.0,63.0,Sangat Ketat
355,UNIVERSITAS DIPONEGORO,13551087,KESELAMATAN DAN KESEHATAN KERJA,Sarjana,41.0,2565.0,62.6,Sangat Ketat
362,UNIVERSITAS NEGERI YOGYAKARTA,13622088,PENGELOLAAN USAHA REKREASI,Sarjana Terapan,12.0,724.0,60.3,Sangat Ketat
361,UNIVERSITAS GADJAH MADA,13611006,KEDOKTERAN,Sarjana,53.0,3155.0,59.5,Sangat Ketat
353,UNIVERSITAS SEBELAS MARET,13531027,FARMASI,Sarjana,24.0,1386.0,57.8,Sangat Ketat
353,UNIVERSITAS SEBELAS MARET,13532101,PERBANKAN DAN KEUANGAN DIGITAL,Sarjana Terapan,40.0,2240.0,56.0,Sangat Ketat
353,UNIVERSITAS SEBELAS MARET,13533081,USAHA PERJALANAN WISATA,Diploma Tiga,27.0,1502.0,55.6,Sangat Ketat
352,UNIVERSITAS TIDAR,13523028,FARMASI,Diploma Tiga,40.0,2155.0,53.9,Sangat Ketat
361,UNIVERSITAS GADJAH MADA,13611084,PSIKOLOGI,Sarjana,68.0,3601.0,53.0,Sangat Ketat
351,UNIVERSITAS JENDERAL SOEDIRMAN,13513040,ADMINISTRASI BISNIS,Diploma Tiga,48.0,2531.0,52.7,Sangat Ketat
361,UNIVERSITAS GADJAH MADA,13611079,ILMU HUBUNGAN INTERNASIONAL,Sarjana,24.0,1248.0,52.0,Sangat Ketat
355,UNIVERSITAS DIPONEGORO,13551086,BISNIS DIGITAL,Sarjana,36.0,1873.0,52.0,Sangat Ketat
361,UNIVERSITAS GADJAH MADA,13611045,TEKNOLOGI INFORMASI,Sarjana,29.0,1459.0,50.3,Sangat Ketat
361,UNIVERSITAS GADJAH MADA,13611064,MANAJEMEN,Sarjana,45.0,2262.0,50.3,Sangat Ketat
361,UNIVERSITAS GADJAH MADA,13612061,TEKNOLOGI REKAYASA PELAKSANAAN BANGUNAN SIPIL,Sarjana Terapan,17.0,845.0,49.7,Sangat Ketat
356,UNIVERSITAS NEGERI SEMARANG,13561076,KEDOKTERAN,Sarjana,15.0,722.0,48.1,Sangat Ketat
361,UNIVERSITAS GADJAH MADA,13612054,TEKNOLOGI REKAYASA MESIN,Sarjana Terapan,23.0,1104.0,48.0,Sangat Ketat
362,UNIVERSITAS NEGERI YOGYAKARTA,13621093,ILMU HUKUM,Sarjana,36.0,1706.0,47.4,Sangat Ketat
361,UNIVERSITAS GADJAH MADA,13611065,AKUNTANSI,Sarjana,45.0,2121.0,47.1,Sangat Ketat
361,UNIVERSITAS GADJAH MADA,13612055,TEKNIK PENGELOLAAN DAN PERAWATAN ALAT BERAT,Sarjana Terapan,23.0,1069.0,46.5,Sangat Ketat
361,UNIVERSITAS GADJAH MADA,13611014,ILMU KOMPUTER,Sarjana,27.0,1237.0,45.8,Sangat Ketat
361,UNIVERSITAS GADJAH MADA,13612089,PEMBANGUNAN EKONOMI KEWILAYAHAN,Sarjana Terapan,30.0,1364.0,45.5,Sangat Ketat
353,UNIVERSITAS SEBELAS MARET,13531096,BISNIS DIGITAL,Sarjana,41.0,1860.0,45.4,Sangat Ketat
361,UNIVERSITAS GADJAH MADA,13611085,PARIWISATA,Sarjana,21.0,942.0,44.9,Sangat Ketat
361,UNIVERSITAS GADJAH MADA,13611039,TEKNIK INDUSTRI,Sarjana,36.0,1613.0,44.8,Sangat Ketat
362,UNIVERSITAS NEGERI YOGYAKARTA,13621075,ARSITEKTUR,Sarjana,12.0,534.0,44.5,Sangat Ketat
361,UNIVERSITAS GADJAH MADA,13612056,PENGELOLAAN HUTAN,Sarjana Terapan,27.0,1196.0,44.3,Sangat Ketat
351,UNIVERSITAS JENDERAL SOEDIRMAN,13513051,ADMINISTRASI PERKANTORAN,Diploma Tiga,48.0,2112.0,44.0,Sangat Ketat
361,UNIVERSITAS GADJAH MADA,13612050,TEKNOLOGI REKAYASA ELEKTRO,Sarjana Terapan,27.0,1180.0,43.7,Sangat Ketat
363,"UPN ""VETERAN"" YOGYAKARTA",13633022,TEKNIK KIMIA,Diploma Tiga,60.0,2615.0,43.6,Sangat Ketat
361,UNIVERSITAS GADJAH MADA,13612087,PERBANKAN,Sarjana Terapan,36.0,1564.0,43.4,Sangat Ketat
355,UNIVERSITAS DIPONEGORO,13552083,MANAJEMEN DAN ADMINISTRASI LOGISTIK,Sarjana Terapan,69.0,2991.0,43.3,Sangat Ketat
361,UNIVERSITAS GADJAH MADA,13612086,MANAJEMEN DAN PENILAIAN PROPERTI,Sarjana Terapan,30.0,1296.0,43.2,Sangat Ketat
355,UNIVERSITAS DIPONEGORO,13552085,INFORMASI DAN HUMAS,Sarjana Terapan,69.0,2966.0,43.0,Sangat Ketat
353,UNIVERSITAS SEBELAS MARET,13532071,DEMOGRAFI DAN PENCATATAN SIPIL,Sarjana Terapan,45.0,1924.0,42.8,Sangat Ketat
361,UNIVERSITAS GADJAH MADA,13612060,SISTEM INFORMASI GEOGRAFIS,Sarjana Terapan,21.0,881.0,42.0,Sangat Ketat
355,UNIVERSITAS DIPONEGORO,13552081,TEKNIK INFRASTRUKTUR SIPIL DAN PERANCANGAN ARSITEKTUR,Sarjana Terapan,63.0,2640.0,41.9,Sangat Ketat
361,UNIVERSITAS GADJAH MADA,13611036,TEKNIK SIPIL,Sarjana,33.0,1359.0,41.2,Sangat Ketat
361,UNIVERSITAS GADJAH MADA,13612058,PENGEMBANGAN PRODUK AGROINDUSTRI,Sarjana Terapan,27.0,1081.0,40.0,Sangat Ketat
353,UNIVERSITAS SEBELAS MARET,13531036,ILMU KOMUNIKASI,Sarjana,42.0,1652.0,39.3,Sangat Ketat
355,UNIVERSITAS DIPONEGORO,13552075,TEKNOLOGI REKAYASA KIMIA INDUSTRI,Sarjana Terapan,39.0,1526.0,39.1,Sangat Ketat
355,UNIVERSITAS DIPONEGORO,13551034,FARMASI,Sarjana,30.0,1151.0,38.4,Sangat Ketat
361,UNIVERSITAS GADJAH MADA,13611067,HUKUM,Sarjana,96.0,3654.0,38.1,Sangat Ketat
361,UNIVERSITAS GADJAH MADA,13611078,MANAJEMEN DAN KEBIJAKAN PUBLIK,Sarjana,24.0,907.0,37.8,Sangat Ketat
356,UNIVERSITAS NEGERI SEMARANG,13563072,DESAIN KOMUNIKASI VISUAL,Diploma Tiga,20.0,757.0,37.8,Sangat Ketat
355,UNIVERSITAS DIPONEGORO,13552084,BAHASA ASING TERAPAN,Sarjana Terapan,45.0,1687.0,37.5,Sangat Ketat
362,UNIVERSITAS NEGERI YOGYAKARTA,13621091,PARIWISATA,Sarjana,36.0,1346.0,37.4,Sangat Ketat
362,UNIVERSITAS NEGERI YOGYAKARTA,13621063,PSIKOLOGI,Sarjana,71.0,2651.0,37.3,Sangat Ketat
361,UNIVERSITAS GADJAH MADA,13611032,TEKNIK GEOLOGI,Sarjana,36.0,1306.0,36.3,Sangat Ketat
355,UNIVERSITAS DIPONEGORO,13552080,PERENCANAAN TATA RUANG DAN PERTANAHAN,Sarjana Terapan,45.0,1620.0,36.0,Sangat Ketat
356,UNIVERSITAS NEGERI SEMARANG,13561077,ILMU KOMUNIKASI,Sarjana,41.0,1478.0,36.0,Sangat Ketat
361,UNIVERSITAS GADJAH MADA,13611081,PEMBANGUNAN SOSIAL DAN KESEJAHTERAAN,Sarjana,24.0,850.0,35.4,Sangat Ketat
351,UNIVERSITAS JENDERAL SOEDIRMAN,13513043,AGRIBISNIS,Diploma Tiga,48.0,1692.0,35.2,Sangat Ketat
361,UNIVERSITAS GADJAH MADA,13611029,ARSITEKTUR,Sarjana,24.0,843.0,35.1,Sangat Ketat
353,UNIVERSITAS SEBELAS MARET,13531017,INFORMATIKA,Sarjana,45.0,1579.0,35.1,Sangat Ketat
353,UNIVERSITAS SEBELAS MARET,13531009,TEKNIK INDUSTRI,Sarjana,39.0,1366.0,35.0,Sangat Ketat
361,UNIVERSITAS GADJAH MADA,13612051,TEKNOLOGI REKAYASA INSTRUMENTASI DAN KONTROL,Sarjana Terapan,22.0,770.0,35.0,Sangat Ketat
353,UNIVERSITAS SEBELAS MARET,13531001,KEDOKTERAN,Sarjana,72.0,2520.0,35.0,Sangat Ketat
361,UNIVERSITAS GADJAH MADA,13611008,GIZI,Sarjana,30.0,1048.0,34.9,Sangat Ketat
355,UNIVERSITAS DIPONEGORO,13552082,AKUNTANSI PERPAJAKAN,Sarjana Terapan,129.0,4477.0,34.7,Sangat Ketat
362,UNIVERSITAS NEGERI YOGYAKARTA,13621044,AKUNTANSI,Sarjana,48.0,1662.0,34.6,Sangat Ketat
353,UNIVERSITAS SEBELAS MARET,13531028,TEKNIK ELEKTRO,Sarjana,24.0,828.0,34.5,Sangat Ketat
362,UNIVERSITAS NEGERI YOGYAKARTA,13622076,TATA BUSANA,Sarjana Terapan,24.0,824.0,34.3,Sangat Ketat
351,UNIVERSITAS JENDERAL SOEDIRMAN,13513048,AKUNTANSI,Diploma Tiga,48.0,1636.0,34.1,Sangat Ketat
362,UNIVERSITAS NEGERI YOGYAKARTA,13621042,MANAJEMEN,Sarjana,77.0,2624.0,34.1,Sangat Ketat
361,UNIVERSITAS GADJAH MADA,13611073,SASTRA INGGRIS,Sarjana,21.0,715.0,34.0,Sangat Ketat
353,UNIVERSITAS SEBELAS MARET,13531040,MANAJEMEN,Sarjana,60.0,2036.0,33.9,Sangat Ketat
361,UNIVERSITAS GADJAH MADA,13611047,TEKNIK BIOMEDIS,Sarjana,18.0,604.0,33.6,Sangat Ketat
363,"UPN ""VETERAN"" YOGYAKARTA",13631002,TEKNIK PERTAMBANGAN,Sarjana,129.0,4322.0,33.5,Sangat Ketat
362,UNIVERSITAS NEGERI YOGYAKARTA,13621062,ILMU KOMUNIKASI,Sarjana,59.0,1968.0,33.4,Sangat Ketat
361,UNIVERSITAS GADJAH MADA,13612057,TEKNOLOGI VETERINER,Sarjana Terapan,27.0,903.0,33.4,Sangat Ketat
361,UNIVERSITAS GADJAH MADA,13612052,TEKNOLOGI REKAYASA INTERNET,Sarjana Terapan,29.0,936.0,32.3,Sangat Ketat
362,UNIVERSITAS NEGERI YOGYAKARTA,13621023,TEKNOLOGI INFORMASI,Sarjana,36.0,1156.0,32.1,Sangat Ketat
361,UNIVERSITAS GADJAH MADA,13611062,TEKNIK INFRASTRUKTUR LINGKUNGAN,Sarjana,15.0,478.0,31.9,Sangat Ketat
353,UNIVERSITAS SEBELAS MARET,13531041,AKUNTANSI,Sarjana,53.0,1681.0,31.7,Sangat Ketat
362,UNIVERSITAS NEGERI YOGYAKARTA,13622077,TATA RIAS DAN KECANTIKAN,Sarjana Terapan,36.0,1135.0,31.5,Sangat Ketat
362,UNIVERSITAS NEGERI YOGYAKARTA,13622087,PENGOBATAN TRADISIONAL INDONESIA,Sarjana Terapan,12.0,374.0,31.2,Sangat Ketat
361,UNIVERSITAS GADJAH MADA,13612059,TEKNOLOGI SURVEI DAN PEMETAAN DASAR,Sarjana Terapan,21.0,640.0,30.5,Sangat Ketat
361,UNIVERSITAS GADJAH MADA,13611041,TEKNOLOGI PANGAN DAN HASIL PERTANIAN,Sarjana,33.0,1003.0,30.4,Sangat Ketat
362,UNIVERSITAS NEGERI YOGYAKARTA,13621015,PENDIDIKAN TEKNIK INFORMATIKA,Sarjana,26.0,782.0,30.1,Sangat Ketat
362,UNIVERSITAS NEGERI YOGYAKARTA,13621090,TEKNIK INDUSTRI,Sarjana,41.0,1223.0,29.8,Sangat Ketat
362,UNIVERSITAS NEGERI YOGYAKARTA,13621047,ADMINISTRASI PUBLIK,Sarjana,50.0,1483.0,29.7,Sangat Ketat
364,ISI YOGYAKARTA,13641010,DESAIN KOMUNIKASI VISUAL,Sarjana,48.0,1421.0,29.6,Sangat Ketat
351,UNIVERSITAS JENDERAL SOEDIRMAN,13511021,KEDOKTERAN GIGI,Sarjana,28.0,826.0,29.5,Sangat Ketat
361,UNIVERSITAS GADJAH MADA,13611080,POLITIK DAN PEMERINTAHAN,Sarjana,24.0,707.0,29.5,Sangat Ketat
362,UNIVERSITAS NEGERI YOGYAKARTA,13621025,TEKNIK SIPIL,Sarjana,41.0,1168.0,28.5,Sangat Ketat
353,UNIVERSITAS SEBELAS MARET,13531006,ILMU DAN TEKNOLOGI PANGAN,Sarjana,36.0,1018.0,28.3,Sangat Ketat
362,UNIVERSITAS NEGERI YOGYAKARTA,13621022,TEKNIK ELEKTRO,Sarjana,24.0,680.0,28.3,Sangat Ketat
353,UNIVERSITAS SEBELAS MARET,13531007,TEKNIK SIPIL,Sarjana,54.0,1519.0,28.1,Sangat Ketat
361,UNIVERSITAS GADJAH MADA,13611009,KEDOKTERAN GIGI,Sarjana,45.0,1259.0,28.0,Sangat Ketat
364,ISI YOGYAKARTA,13642025,PRODUKSI FILM DAN TELEVISI,Sarjana Terapan,14.0,389.0,27.8,Sangat Ketat
351,UNIVERSITAS JENDERAL SOEDIRMAN,13513049,BISNIS INTERNASIONAL,Diploma Tiga,48.0,1334.0,27.8,Sangat Ketat
361,UNIVERSITAS GADJAH MADA,13611077,BAHASA DAN KEBUDAYAAN KOREA,Sarjana,18.0,501.0,27.8,Sangat Ketat
355,UNIVERSITAS DIPONEGORO,13551048,PSIKOLOGI,Sarjana,120.0,3327.0,27.7,Sangat Ketat
361,UNIVERSITAS GADJAH MADA,13611007,ILMU KEPERAWATAN,Sarjana,36.0,986.0,27.4,Sangat Ketat
353,UNIVERSITAS SEBELAS MARET,13532107,BAHASA  MANDARIN UNTUK KOMUNIKASI BISNIS DAN PROFESIONAL,Sarjana Terapan,30.0,819.0,27.3,Sangat Ketat
361,UNIVERSITAS GADJAH MADA,13611037,TEKNIK NUKLIR,Sarjana,15.0,406.0,27.1,Sangat Ketat
356,UNIVERSITAS NEGERI SEMARANG,13561026,FARMASI,Sarjana,46.0,1238.0,26.9,Sangat Ketat
353,UNIVERSITAS SEBELAS MARET,13531062,BIMBINGAN DAN KONSELING,Sarjana,27.0,725.0,26.9,Sangat Ketat
353,UNIVERSITAS SEBELAS MARET,13532099,TEKNOLOGI REKAYASA MANUFAKTUR,Sarjana Terapan,30.0,807.0,26.9,Sangat Ketat
355,UNIVERSITAS DIPONEGORO,13551023,TEKNIK INDUSTRI,Sarjana,72.0,1930.0,26.8,Sangat Ketat
361,UNIVERSITAS GADJAH MADA,13611063,ILMU EKONOMI,Sarjana,30.0,802.0,26.7,Sangat Ketat
361,UNIVERSITAS GADJAH MADA,13611076,BAHASA DAN KEBUDAYAAN JEPANG,Sarjana,18.0,472.0,26.2,Sangat Ketat
361,UNIVERSITAS GADJAH MADA,13611034,TEKNIK ELEKTRO,Sarjana,35.0,908.0,25.9,Sangat Ketat
361,UNIVERSITAS GADJAH MADA,13611002,FARMASI,Sarjana,72.0,1868.0,25.9,Sangat Ketat
363,"UPN ""VETERAN"" YOGYAKARTA",13631003,TEKNIK PERMINYAKAN,Sarjana,106.0,2734.0,25.8,Sangat Ketat
355,UNIVERSITAS DIPONEGORO,13551045,ADMINISTRASI BISNIS,Sarjana,84.0,2169.0,25.8,Sangat Ketat
362,UNIVERSITAS NEGERI YOGYAKARTA,13621027,BIMBINGAN & KONSELING,Sarjana,36.0,930.0,25.8,Sangat Ketat
353,UNIVERSITAS SEBELAS MARET,13531010,TEKNIK MESIN,Sarjana,48.0,1223.0,25.5,Sangat Ketat
361,UNIVERSITAS GADJAH MADA,13611015,STATISTIKA,Sarjana,20.0,505.0,25.2,Sangat Ketat
355,UNIVERSITAS DIPONEGORO,13551026,TEKNIK GEOLOGI,Sarjana,57.0,1426.0,25.0,Sangat Ketat
361,UNIVERSITAS GADJAH MADA,13611035,TEKNIK MESIN,Sarjana,51.0,1275.0,25.0,Sangat Ketat
353,UNIVERSITAS SEBELAS MARET,13531097,SAINS DATA,Sarjana,18.0,441.0,24.5,Sangat Ketat
355,UNIVERSITAS DIPONEGORO,13551017,TEKNIK SIPIL,Sarjana,75.0,1836.0,24.5,Sangat Ketat
362,UNIVERSITAS NEGERI YOGYAKARTA,13621038,PENDIDIKAN TEKNIK BOGA,Sarjana,29.0,708.0,24.4,Sangat Ketat
353,UNIVERSITAS SEBELAS MARET,13531035,ILMU ADMINISTRASI NEGARA,Sarjana,44.0,1058.0,24.0,Sangat Ketat
355,UNIVERSITAS DIPONEGORO,13551010,INFORMATIKA,Sarjana,75.0,1776.0,23.7,Sangat Ketat
361,UNIVERSITAS GADJAH MADA,13611046,ILMU AKTUARIA,Sarjana,17.0,401.0,23.6,Sangat Ketat
352,UNIVERSITAS TIDAR,13523018,AKUNTANSI,Diploma Tiga,70.0,1647.0,23.5,Sangat Ketat
353,UNIVERSITAS SEBELAS MARET,13531002,PSIKOLOGI,Sarjana,90.0,2094.0,23.3,Sangat Ketat
355,UNIVERSITAS DIPONEGORO,13552079,TEKNIK LISTRIK INDUSTRI,Sarjana Terapan,39.0,905.0,23.2,Sangat Ketat
356,UNIVERSITAS NEGERI SEMARANG,13561013,KESEHATAN MASYARAKAT,Sarjana,87.0,2017.0,23.2,Sangat Ketat
355,UNIVERSITAS DIPONEGORO,13551047,ILMU KOMUNIKASI,Sarjana,84.0,1946.0,23.2,Sangat Ketat
361,UNIVERSITAS GADJAH MADA,13611027,MIKROBIOLOGI PERTANIAN,Sarjana,11.0,255.0,23.2,Sangat Ketat
356,UNIVERSITAS NEGERI SEMARANG,13561021,TEKNIK INFORMATIKA,Sarjana,59.0,1362.0,23.1,Sangat Ketat
361,UNIVERSITAS GADJAH MADA,13611021,EKONOMI PERTANIAN DAN AGRIBISNIS,Sarjana,27.0,621.0,23.0,Sangat Ketat
353,UNIVERSITAS SEBELAS MARET,13531044,SASTRA INGGRIS,Sarjana,27.0,613.0,22.7,Sangat Ketat
355,UNIVERSITAS DIPONEGORO,13551002,KEDOKTERAN,Sarjana,90.0,2042.0,22.7,Sangat Ketat
361,UNIVERSITAS GADJAH MADA,13611083,SOSIOLOGI,Sarjana,24.0,542.0,22.6,Sangat Ketat
351,UNIVERSITAS JENDERAL SOEDIRMAN,13513046,BAHASA INGGRIS,Diploma Tiga,56.0,1262.0,22.5,Sangat Ketat
353,UNIVERSITAS SEBELAS MARET,13531067,HUBUNGAN INTERNASIONAL,Sarjana,27.0,594.0,22.0,Sangat Ketat
355,UNIVERSITAS DIPONEGORO,13551004,GIZI,Sarjana,53.0,1167.0,22.0,Sangat Ketat
362,UNIVERSITAS NEGERI YOGYAKARTA,13621049,PENDIDIKAN GURU SEKOLAH DASAR,Sarjana,77.0,1686.0,21.9,Sangat Ketat
351,UNIVERSITAS JENDERAL SOEDIRMAN,13511010,PENDIDIKAN DOKTER,Sarjana,70.0,1531.0,21.9,Sangat Ketat
356,UNIVERSITAS NEGERI SEMARANG,13561024,SISTEM INFORMASI,Sarjana,35.0,761.0,21.7,Sangat Ketat
353,UNIVERSITAS SEBELAS MARET,13531016,PERENCANAAN WILAYAH DAN KOTA (PWK),Sarjana,33.0,705.0,21.4,Sangat Ketat
356,UNIVERSITAS NEGERI SEMARANG,13561027,TEKNIK KOMPUTER,Sarjana,20.0,429.0,21.4,Sangat Ketat
352,UNIVERSITAS TIDAR,13522027,AKUNTANSI PERPAJAKAN,Sarjana Terapan,60.0,1269.0,21.2,Sangat Ketat
361,UNIVERSITAS GADJAH MADA,13611030,PERENCANAAN WILAYAH DAN KOTA,Sarjana,23.0,480.0,20.9,Sangat Ketat
361,UNIVERSITAS GADJAH MADA,13611033,TEKNIK KIMIA,Sarjana,42.0,878.0,20.9,Sangat Ketat
361,UNIVERSITAS GADJAH MADA,13611071,SASTRA ARAB,Sarjana,21.0,438.0,20.9,Sangat Ketat
361,UNIVERSITAS GADJAH MADA,13611023,PENYULUHAN DAN KOMUNIKASI PERTANIAN,Sarjana,9.0,187.0,20.8,Sangat Ketat
355,UNIVERSITAS DIPONEGORO,13551003,KEPERAWATAN,Sarjana,83.0,1704.0,20.5,Sangat Ketat
353,UNIVERSITAS SEBELAS MARET,13531061,PEND. GURU SEKOLAH DASAR (PGSD) SURAKARTA,Sarjana,65.0,1331.0,20.5,Sangat Ketat
356,UNIVERSITAS NEGERI SEMARANG,13561041,PSIKOLOGI,Sarjana,72.0,1471.0,20.4,Sangat Ketat
355,UNIVERSITAS DIPONEGORO,13551043,AKUNTANSI,Sarjana,117.0,2387.0,20.4,Sangat Ketat
353,UNIVERSITAS SEBELAS MARET,13531058,PENDIDIKAN BAHASA INGGRIS,Sarjana,27.0,546.0,20.2,Sangat Ketat
362,UNIVERSITAS NEGERI YOGYAKARTA,13621057,SASTRA INGGRIS,Sarjana,36.0,725.0,20.1,Sangat Ketat
355,UNIVERSITAS DIPONEGORO,13551024,TEKNIK LINGKUNGAN,Sarjana,66.0,1329.0,20.1,Sangat Ketat
355,UNIVERSITAS DIPONEGORO,13552078,TEKNOLOGI REKAYASA KONSTRUKSI PERKAPALAN,Sarjana Terapan,36.0,721.0,20.0,Ketat
362,UNIVERSITAS NEGERI YOGYAKARTA,13622078,TEKNIK ELEKTRONIKA,Sarjana Terapan,24.0,480.0,20.0,Ketat
355,UNIVERSITAS DIPONEGORO,13552077,REKAYASA PERANCANGAN MEKANIK,Sarjana Terapan,39.0,771.0,19.8,Ketat
353,UNIVERSITAS SEBELAS MARET,13531034,KEBIDANAN,Sarjana,21.0,413.0,19.7,Ketat
363,"UPN ""VETERAN"" YOGYAKARTA",13631011,METALURGI,Sarjana,68.0,1334.0,19.6,Ketat
355,UNIVERSITAS DIPONEGORO,13551019,TEKNIK MESIN,Sarjana,69.0,1331.0,19.3,Ketat
361,UNIVERSITAS GADJAH MADA,13611005,PEMBANGUNAN WILAYAH,Sarjana,24.0,460.0,19.2,Ketat
351,UNIVERSITAS JENDERAL SOEDIRMAN,13511028,MANAJEMEN,Sarjana,56.0,1069.0,19.1,Ketat
353,UNIVERSITAS SEBELAS MARET,13531031,ILMU LINGKUNGAN,Sarjana,27.0,514.0,19.0,Ketat
355,UNIVERSITAS DIPONEGORO,13551001,KESEHATAN MASYARAKAT,Sarjana,123.0,2309.0,18.8,Ketat
362,UNIVERSITAS NEGERI YOGYAKARTA,13621037,PENDIDIKAN TEKNIK BUSANA,Sarjana,24.0,446.0,18.6,Ketat
353,UNIVERSITAS SEBELAS MARET,13531057,"PEND. BAHASA, SASTRA INDONESIA & DAERAH",Sarjana,27.0,502.0,18.6,Ketat
361,UNIVERSITAS GADJAH MADA,13611072,BAHASA DAN SASTRA INDONESIA,Sarjana,30.0,558.0,18.6,Ketat
355,UNIVERSITAS DIPONEGORO,13551044,ADMINISTRASI PUBLIK,Sarjana,75.0,1383.0,18.4,Ketat
353,UNIVERSITAS SEBELAS MARET,13531095,BAHASA MANDARIN DAN KEBUDAYAAN TIONGKOK,Sarjana,23.0,418.0,18.2,Ketat
361,UNIVERSITAS GADJAH MADA,13611016,GEOFISIKA,Sarjana,21.0,381.0,18.1,Ketat
361,UNIVERSITAS GADJAH MADA,13611069,ARKEOLOGI,Sarjana,21.0,377.0,18.0,Ketat
355,UNIVERSITAS DIPONEGORO,13551030,TEKNOLOGI PANGAN,Sarjana,72.0,1296.0,18.0,Ketat
353,UNIVERSITAS SEBELAS MARET,13531004,AGRIBISNIS,Sarjana,48.0,860.0,17.9,Ketat
361,UNIVERSITAS GADJAH MADA,13611043,HIGIENE GIGI,Sarjana,17.0,301.0,17.7,Ketat
355,UNIVERSITAS DIPONEGORO,13551028,TEKNIK KOMPUTER,Sarjana,63.0,1100.0,17.5,Ketat
363,"UPN ""VETERAN"" YOGYAKARTA",13631001,TEKNIK GEOLOGI,Sarjana,161.0,2777.0,17.2,Ketat
355,UNIVERSITAS DIPONEGORO,13552076,TEKNOLOGI REKAYASA OTOMASI,Sarjana Terapan,39.0,671.0,17.2,Ketat
361,UNIVERSITAS GADJAH MADA,13611075,BAHASA DAN SASTRA PRANCIS,Sarjana,14.0,240.0,17.1,Ketat
363,"UPN ""VETERAN"" YOGYAKARTA",13631007,TEKNIK INDUSTRI,Sarjana,139.0,2377.0,17.1,Ketat
351,UNIVERSITAS JENDERAL SOEDIRMAN,13513044,PERENCANAAN SUMBER DAYA LAHAN,Diploma Tiga,48.0,820.0,17.1,Ketat
355,UNIVERSITAS DIPONEGORO,13551041,MANAJEMEN,Sarjana,117.0,2006.0,17.1,Ketat
355,UNIVERSITAS DIPONEGORO,13551050,HUBUNGAN INTERNASIONAL,Sarjana,63.0,1080.0,17.1,Ketat
361,UNIVERSITAS GADJAH MADA,13611031,TEKNIK GEODESI,Sarjana,35.0,597.0,17.1,Ketat
355,UNIVERSITAS DIPONEGORO,13551021,TEKNIK ELEKTRO,Sarjana,69.0,1181.0,17.1,Ketat
353,UNIVERSITAS SEBELAS MARET,13531039,EKONOMI PEMBANGUNAN,Sarjana,54.0,919.0,17.0,Ketat
361,UNIVERSITAS GADJAH MADA,13611068,ANTROPOLOGI BUDAYA,Sarjana,30.0,511.0,17.0,Ketat
356,UNIVERSITAS NEGERI SEMARANG,13561020,TEKNIK SIPIL,Sarjana,58.0,980.0,16.9,Ketat
356,UNIVERSITAS NEGERI SEMARANG,13561019,TEKNIK MESIN,Sarjana,58.0,971.0,16.7,Ketat
353,UNIVERSITAS SEBELAS MARET,13531008,ARSITEKTUR,Sarjana,39.0,644.0,16.5,Ketat
356,UNIVERSITAS NEGERI SEMARANG,13561036,PENDIDIKAN TATA BOGA,Sarjana,35.0,574.0,16.4,Ketat
356,UNIVERSITAS NEGERI SEMARANG,13561023,GIZI,Sarjana,57.0,937.0,16.4,Ketat
363,"UPN ""VETERAN"" YOGYAKARTA",13631004,TEKNIK LINGKUNGAN,Sarjana,99.0,1619.0,16.4,Ketat
351,UNIVERSITAS JENDERAL SOEDIRMAN,13511030,AKUNTANSI,Sarjana,56.0,916.0,16.4,Ketat
353,UNIVERSITAS SEBELAS MARET,13531032,PENGELOLAAN HUTAN,Sarjana,30.0,492.0,16.4,Ketat
361,UNIVERSITAS GADJAH MADA,13611116,TEKNIK SUMBER DAYA AIR,Sarjana,15.0,245.0,16.3,Ketat
364,ISI YOGYAKARTA,13642024,DESAIN MEDIA,Sarjana Terapan,30.0,489.0,16.3,Ketat
356,UNIVERSITAS NEGERI SEMARANG,13561028,BIMBINGAN DAN KONSELING,Sarjana,47.0,761.0,16.2,Ketat
362,UNIVERSITAS NEGERI YOGYAKARTA,13621095,DESAIN KOMUNIKASI VISUAL,Sarjana,24.0,385.0,16.0,Ketat
353,UNIVERSITAS SEBELAS MARET,13531024,PENDIDIKAN TEKNIK INFORMATIKA & KOMPUTER,Sarjana,27.0,433.0,16.0,Ketat
361,UNIVERSITAS GADJAH MADA,13611013,MATEMATIKA,Sarjana,20.0,318.0,15.9,Ketat
351,UNIVERSITAS JENDERAL SOEDIRMAN,13511013,FARMASI,Sarjana,88.0,1397.0,15.9,Ketat
361,UNIVERSITAS GADJAH MADA,13611020,ILMU TANAH,Sarjana,23.0,363.0,15.8,Ketat
353,UNIVERSITAS SEBELAS MARET,13531038,ILMU HUKUM,Sarjana,180.0,2827.0,15.7,Ketat
355,UNIVERSITAS DIPONEGORO,13551018,ARSITEKTUR,Sarjana,66.0,1027.0,15.6,Ketat
353,UNIVERSITAS SEBELAS MARET,13531011,TEKNIK KIMIA,Sarjana,36.0,559.0,15.5,Ketat
353,UNIVERSITAS SEBELAS MARET,13531049,DESAIN KOMUNIKASI VISUAL,Sarjana,45.0,694.0,15.4,Ketat
361,UNIVERSITAS GADJAH MADA,13611003,GEOGRAFI LINGKUNGAN,Sarjana,35.0,535.0,15.3,Ketat
362,UNIVERSITAS NEGERI YOGYAKARTA,13621045,PENDIDIKAN SOSIOLOGI,Sarjana,24.0,367.0,15.3,Ketat
355,UNIVERSITAS DIPONEGORO,13551040,HUKUM,Sarjana,276.0,4204.0,15.2,Ketat
361,UNIVERSITAS GADJAH MADA,13611074,"BAHASA, SASTRA, DAN BUDAYA JAWA",Sarjana,15.0,225.0,15.0,Ketat
352,UNIVERSITAS TIDAR,13522019,TEKNOLOGI REKAYASA PERANCANGAN MANUFAKTUR,Sarjana Terapan,33.0,494.0,15.0,Ketat
355,UNIVERSITAS DIPONEGORO,13551035,BIOTEKNOLOGI,Sarjana,42.0,621.0,14.8,Ketat
353,UNIVERSITAS SEBELAS MARET,13531003,AGROTEKNOLOGI / AGROEKOTEKNOLOGI,Sarjana,54.0,801.0,14.8,Ketat
361,UNIVERSITAS GADJAH MADA,13611040,TEKNIK PERTANIAN,Sarjana,29.0,426.0,14.7,Ketat
361,UNIVERSITAS GADJAH MADA,13611070,SEJARAH,Sarjana,18.0,261.0,14.5,Ketat
362,UNIVERSITAS NEGERI YOGYAKARTA,13621001,PENDIDIKAN MATEMATIKA,Sarjana,24.0,346.0,14.4,Ketat
353,UNIVERSITAS SEBELAS MARET,13531069,PENDIDIKAN ADMINISTRASI PERKANTORAN,Sarjana,30.0,432.0,14.4,Ketat
361,UNIVERSITAS GADJAH MADA,13611010,KEDOKTERAN HEWAN,Sarjana,60.0,853.0,14.2,Ketat
351,UNIVERSITAS JENDERAL SOEDIRMAN,13511024,TEKNIK INDUSTRI,Sarjana,64.0,906.0,14.2,Ketat
362,UNIVERSITAS NEGERI YOGYAKARTA,13621019,PENDIDIKAN JASMANI KESEHATAN DAN REKREASI,Sarjana,60.0,837.0,14.0,Ketat
351,UNIVERSITAS JENDERAL SOEDIRMAN,13511012,KEPERAWATAN,Sarjana,86.0,1201.0,14.0,Ketat
355,UNIVERSITAS DIPONEGORO,13551027,TEKNIK GEODESI,Sarjana,60.0,838.0,14.0,Ketat
351,UNIVERSITAS JENDERAL SOEDIRMAN,13511011,KESEHATAN MASYARAKAT,Sarjana,88.0,1236.0,14.0,Ketat
356,UNIVERSITAS NEGERI SEMARANG,13561022,TEKNIK ELEKTRO,Sarjana,50.0,700.0,14.0,Ketat
363,"UPN ""VETERAN"" YOGYAKARTA",13631020,ILMU KOMUNIKASI,Sarjana,139.0,1928.0,13.9,Ketat
361,UNIVERSITAS GADJAH MADA,13611017,ELEKTRONIKA DAN INSTRUMENTASI,Sarjana,27.0,373.0,13.8,Ketat
353,UNIVERSITAS SEBELAS MARET,13531037,SOSIOLOGI,Sarjana,45.0,619.0,13.8,Ketat
354,ISI SURAKARTA,13542016,ANIMASI,Sarjana Terapan,16.0,221.0,13.8,Ketat
361,UNIVERSITAS GADJAH MADA,13611042,TEKNOLOGI INDUSTRI PERTANIAN,Sarjana,30.0,411.0,13.7,Ketat
354,ISI SURAKARTA,13542018,TATA KELOLA SENI,Sarjana Terapan,10.0,137.0,13.7,Ketat
356,UNIVERSITAS NEGERI SEMARANG,13561044,AKUNTANSI,Sarjana,131.0,1788.0,13.6,Ketat
356,UNIVERSITAS NEGERI SEMARANG,13561040,MANAJEMEN,Sarjana,149.0,2011.0,13.5,Ketat
355,UNIVERSITAS DIPONEGORO,13551032,AGRIBISNIS,Sarjana,66.0,892.0,13.5,Ketat
362,UNIVERSITAS NEGERI YOGYAKARTA,13621026,MANAJEMEN PENDIDIKAN,Sarjana,24.0,321.0,13.4,Ketat
356,UNIVERSITAS NEGERI SEMARANG,13561025,ILMU LINGKUNGAN,Sarjana,32.0,429.0,13.4,Ketat
352,UNIVERSITAS TIDAR,13521026,GIZI,Sarjana,50.0,669.0,13.4,Ketat
362,UNIVERSITAS NEGERI YOGYAKARTA,13621024,TEKNIK MANUFAKTUR,Sarjana,24.0,321.0,13.4,Ketat
362,UNIVERSITAS NEGERI YOGYAKARTA,13621043,ILMU SEJARAH,Sarjana,24.0,318.0,13.2,Ketat
362,UNIVERSITAS NEGERI YOGYAKARTA,13621092,ILMU POLITIK,Sarjana,24.0,317.0,13.2,Ketat
361,UNIVERSITAS GADJAH MADA,13611038,TEKNIK FISIKA,Sarjana,36.0,477.0,13.2,Ketat
361,UNIVERSITAS GADJAH MADA,13611018,AGRONOMI,Sarjana,24.0,318.0,13.2,Ketat
362,UNIVERSITAS NEGERI YOGYAKARTA,13621039,PENDIDIKAN ADMINISTRASI PERKANTORAN,Sarjana,36.0,471.0,13.1,Ketat
364,ISI YOGYAKARTA,13641012,TELEVISI DAN FILM,Sarjana,40.0,519.0,13.0,Ketat
351,UNIVERSITAS JENDERAL SOEDIRMAN,13511054,TEKNIK MESIN,Sarjana,32.0,415.0,13.0,Ketat
362,UNIVERSITAS NEGERI YOGYAKARTA,13621018,STATISTIKA,Sarjana,24.0,313.0,13.0,Ketat
364,ISI YOGYAKARTA,13642022,ANIMASI,Sarjana Terapan,48.0,619.0,12.9,Ketat
353,UNIVERSITAS SEBELAS MARET,13531060,PENDIDIKAN SOSIOLOGI ANTROPOLOGI,Sarjana,24.0,309.0,12.9,Ketat
354,ISI SURAKARTA,13541020,ARSITEKTUR,Sarjana,10.0,129.0,12.9,Ketat
355,UNIVERSITAS DIPONEGORO,13551089,TEKNOLOGI DAN BISNIS PERIKANAN DAN KELAUTAN,Sarjana,15.0,193.0,12.9,Ketat
361,UNIVERSITAS GADJAH MADA,13611025,TEKNOLOGI HASIL PERIKANAN,Sarjana,23.0,297.0,12.9,Ketat
351,UNIVERSITAS JENDERAL SOEDIRMAN,13511022,ILMU GIZI,Sarjana,88.0,1127.0,12.8,Ketat
351,UNIVERSITAS JENDERAL SOEDIRMAN,13513041,BAHASA MANDARIN,Diploma Tiga,56.0,712.0,12.7,Ketat
355,UNIVERSITAS DIPONEGORO,13551037,SASTRA INGGRIS,Sarjana,65.0,821.0,12.6,Ketat
351,UNIVERSITAS JENDERAL SOEDIRMAN,13511031,ILMU KOMUNIKASI,Sarjana,92.0,1158.0,12.6,Ketat
355,UNIVERSITAS DIPONEGORO,13551046,ILMU PEMERINTAHAN,Sarjana,78.0,973.0,12.5,Ketat
351,UNIVERSITAS JENDERAL SOEDIRMAN,13511059,TEKNIK KOMPUTER,Sarjana,32.0,396.0,12.4,Ketat
356,UNIVERSITAS NEGERI SEMARANG,13561065,PENDIDIKAN TATA KECANTIKAN,Sarjana,35.0,432.0,12.3,Ketat
363,"UPN ""VETERAN"" YOGYAKARTA",13631008,TEKNIK INFORMATIKA,Sarjana,130.0,1589.0,12.2,Ketat
351,UNIVERSITAS JENDERAL SOEDIRMAN,13511027,ADMINISTRASI PUBLIK,Sarjana,88.0,1075.0,12.2,Ketat
353,UNIVERSITAS SEBELAS MARET,13531029,STATISTIKA,Sarjana,33.0,399.0,12.1,Ketat
351,UNIVERSITAS JENDERAL SOEDIRMAN,13511020,INFORMATIKA,Sarjana,80.0,966.0,12.1,Ketat
362,UNIVERSITAS NEGERI YOGYAKARTA,13621032,PENDIDIKAN KEWARGANEGARAAN,Sarjana,24.0,289.0,12.0,Ketat
355,UNIVERSITAS DIPONEGORO,13551020,TEKNIK KIMIA,Sarjana,75.0,902.0,12.0,Ketat
363,"UPN ""VETERAN"" YOGYAKARTA",13631005,TEKNIK GEOFISIKA,Sarjana,66.0,784.0,11.9,Ketat
363,"UPN ""VETERAN"" YOGYAKARTA",13631019,ILMU ADMINISTRASI BISNIS,Sarjana,138.0,1641.0,11.9,Ketat
353,UNIVERSITAS SEBELAS MARET,13531066,PEND. GURU SEKOLAH DASAR (PGSD) KEBUMEN,Sarjana,36.0,427.0,11.9,Ketat
355,UNIVERSITAS DIPONEGORO,13551031,AGROEKOTEKNOLOGI,Sarjana,66.0,787.0,11.9,Ketat
362,UNIVERSITAS NEGERI YOGYAKARTA,13621007,PENDIDIKAN TEKNIK MESIN,Sarjana,24.0,282.0,11.8,Ketat
353,UNIVERSITAS SEBELAS MARET,13531043,SASTRA INDONESIA,Sarjana,26.0,304.0,11.7,Ketat
353,UNIVERSITAS SEBELAS MARET,13533102,TEKNIK INFORMATIKA (KAMPUS KABUPATEN MADIUN),Diploma Tiga,30.0,347.0,11.6,Ketat
353,UNIVERSITAS SEBELAS MARET,13531025,ILMU TANAH,Sarjana,39.0,454.0,11.6,Ketat
364,ISI YOGYAKARTA,13642018,PENYAJIAN MUSIK,Sarjana Terapan,18.0,208.0,11.6,Ketat
355,UNIVERSITAS DIPONEGORO,13551042,EKONOMI,Sarjana,90.0,1034.0,11.5,Ketat
356,UNIVERSITAS NEGERI SEMARANG,13561048,PENDIDIKAN ADMINISTRASI PERKANTORAN,Sarjana,38.0,437.0,11.5,Ketat
355,UNIVERSITAS DIPONEGORO,13551025,TEKNIK PERKAPALAN,Sarjana,63.0,717.0,11.4,Ketat
351,UNIVERSITAS JENDERAL SOEDIRMAN,13511014,TEKNIK GEOLOGI,Sarjana,80.0,916.0,11.4,Ketat
353,UNIVERSITAS SEBELAS MARET,13531054,"PENDIDIKAN JASMANI, KESEHATAN & REKREASI",Sarjana,48.0,548.0,11.4,Ketat
353,UNIVERSITAS SEBELAS MARET,13531020,PENDIDIKAN BIOLOGI,Sarjana,30.0,343.0,11.4,Ketat
363,"UPN ""VETERAN"" YOGYAKARTA",13631013,SISTEM INFORMASI,Sarjana,101.0,1140.0,11.3,Ketat
363,"UPN ""VETERAN"" YOGYAKARTA",13631021,HUBUNGAN MASYARAKAT,Sarjana,111.0,1241.0,11.2,Ketat
356,UNIVERSITAS NEGERI SEMARANG,13561037,PENDIDIKAN TATA BUSANA,Sarjana,30.0,335.0,11.2,Ketat
355,UNIVERSITAS DIPONEGORO,13551022,PERENCANAAN WILAYAH DAN KOTA,Sarjana,75.0,838.0,11.2,Ketat
353,UNIVERSITAS SEBELAS MARET,13531005,PETERNAKAN,Sarjana,75.0,836.0,11.1,Ketat
356,UNIVERSITAS NEGERI SEMARANG,13561016,TEKNIK ARSITEKTUR,Sarjana,50.0,556.0,11.1,Ketat
351,UNIVERSITAS JENDERAL SOEDIRMAN,13513042,BUDI DAYA IKAN,Diploma Tiga,48.0,533.0,11.1,Ketat
362,UNIVERSITAS NEGERI YOGYAKARTA,13621056,SASTRA INDONESIA,Sarjana,36.0,396.0,11.0,Ketat
362,UNIVERSITAS NEGERI YOGYAKARTA,13621060,PENDIDIKAN BAHASA DAN SASTRA INDONESIA,Sarjana,71.0,779.0,11.0,Ketat
353,UNIVERSITAS SEBELAS MARET,13531068,PENDIDIKAN AKUNTANSI,Sarjana,27.0,294.0,10.9,Ketat
361,UNIVERSITAS GADJAH MADA,13611004,KARTOGRAFI DAN PENGINDERAAN JAUH,Sarjana,30.0,326.0,10.9,Ketat
361,UNIVERSITAS GADJAH MADA,13611044,KEHUTANAN,Sarjana,90.0,972.0,10.8,Ketat
351,UNIVERSITAS JENDERAL SOEDIRMAN,13513052,BUDI DAYA TERNAK,Diploma Tiga,92.0,990.0,10.8,Ketat
355,UNIVERSITAS DIPONEGORO,13551009,STATISTIKA,Sarjana,66.0,716.0,10.8,Ketat
362,UNIVERSITAS NEGERI YOGYAKARTA,13621050,PENDIDIKAN GURU PAUD,Sarjana,24.0,260.0,10.8,Ketat
352,UNIVERSITAS TIDAR,13521024,TEKNIK INDUSTRI,Sarjana,44.0,473.0,10.8,Ketat
362,UNIVERSITAS NEGERI YOGYAKARTA,13621048,KEBIJAKAN PENDIDIKAN,Sarjana,24.0,257.0,10.7,Ketat
356,UNIVERSITAS NEGERI SEMARANG,13561066,PENDIDIKAN BAHASA MANDARIN,Sarjana,18.0,193.0,10.7,Ketat
356,UNIVERSITAS NEGERI SEMARANG,13561063,PENDIDIKAN GURU SEKOLAH DASAR,Sarjana,180.0,1919.0,10.7,Ketat
351,UNIVERSITAS JENDERAL SOEDIRMAN,13511018,TEKNOLOGI PANGAN,Sarjana,80.0,850.0,10.6,Ketat
355,UNIVERSITAS DIPONEGORO,13551039,ILMU PERPUSTAKAAN,Sarjana,59.0,627.0,10.6,Ketat
351,UNIVERSITAS JENDERAL SOEDIRMAN,13511025,HUKUM,Sarjana,128.0,1353.0,10.6,Ketat
353,UNIVERSITAS SEBELAS MARET,13531026,PENYULUHAN DAN KOMUNIKASI PERTANIAN,Sarjana,36.0,381.0,10.6,Ketat
353,UNIVERSITAS SEBELAS MARET,13531021,PENDIDIKAN MATEMATIKA,Sarjana,30.0,317.0,10.6,Ketat
356,UNIVERSITAS NEGERI SEMARANG,13561047,PENDIDIKAN EKONOMI,Sarjana,46.0,487.0,10.6,Ketat
362,UNIVERSITAS NEGERI YOGYAKARTA,13621034,PENDIDIKAN GEOGRAFI,Sarjana,24.0,252.0,10.5,Ketat
353,UNIVERSITAS SEBELAS MARET,13531042,ILMU SEJARAH,Sarjana,26.0,272.0,10.5,Ketat
353,UNIVERSITAS SEBELAS MARET,13531015,BIOLOGI,Sarjana,27.0,282.0,10.4,Ketat
361,UNIVERSITAS GADJAH MADA,13611028,ILMU DAN INDUSTRI PETERNAKAN,Sarjana,90.0,931.0,10.3,Ketat
353,UNIVERSITAS SEBELAS MARET,13531053,PENDIDIKAN LUAR BIASA (PENDIDIKAN KHUSUS),Sarjana,24.0,246.0,10.2,Ketat
362,UNIVERSITAS NEGERI YOGYAKARTA,13621013,BIOLOGI,Sarjana,24.0,246.0,10.2,Ketat
355,UNIVERSITAS DIPONEGORO,13551049,BAHASA DAN KEBUDAYAAN JEPANG,Sarjana,59.0,600.0,10.2,Ketat
361,UNIVERSITAS GADJAH MADA,13611022,PROTEKSI TANAMAN (ILMU HAMA DAN PENYAKIT TUMBUHAN),Sarjana,23.0,234.0,10.2,Ketat
361,UNIVERSITAS GADJAH MADA,13611012,KIMIA,Sarjana,45.0,459.0,10.2,Ketat
356,UNIVERSITAS NEGERI SEMARANG,13561074,STATISTIKA DAN SAINS DATA,Sarjana,29.0,296.0,10.2,Ketat
351,UNIVERSITAS JENDERAL SOEDIRMAN,13511029,EKONOMI PEMBANGUNAN,Sarjana,56.0,574.0,10.2,Ketat
354,ISI SURAKARTA,13541007,DESAIN KOMUNIKASI VISUAL,Sarjana,72.0,737.0,10.2,Ketat
356,UNIVERSITAS NEGERI SEMARANG,13561075,EKONOMI DAN KEUANGAN ISLAM,Sarjana,29.0,295.0,10.2,Ketat
353,UNIVERSITAS SEBELAS MARET,13531064,SASTRA ARAB,Sarjana,26.0,262.0,10.1,Ketat
356,UNIVERSITAS NEGERI SEMARANG,13561015,PEND. TEKNIK INFORMATIKA & KOMPUTER,Sarjana,36.0,365.0,10.1,Ketat
355,UNIVERSITAS DIPONEGORO,13551051,ANTROPOLOGI SOSIAL,Sarjana,60.0,604.0,10.1,Ketat
351,UNIVERSITAS JENDERAL SOEDIRMAN,13511009,TEKNIK SIPIL,Sarjana,80.0,811.0,10.1,Ketat
356,UNIVERSITAS NEGERI SEMARANG,13561049,PENDIDIKAN BAHASA DAN SASTRA INDONESIA,Sarjana,65.0,653.0,10.0,Sedang
353,UNIVERSITAS SEBELAS MARET,13531052,PEND. PANCASILA & KEWARGANEGARAAN (PPKN),Sarjana,27.0,271.0,10.0,Sedang
362,UNIVERSITAS NEGERI YOGYAKARTA,13621012,KIMIA,Sarjana,24.0,238.0,9.9,Sedang
352,UNIVERSITAS TIDAR,13521022,TEKNOLOGI INFORMASI,Sarjana,44.0,437.0,9.9,Sedang
362,UNIVERSITAS NEGERI YOGYAKARTA,13621017,ILMU KEOLAHRAGAAN,Sarjana,36.0,353.0,9.8,Sedang
356,UNIVERSITAS NEGERI SEMARANG,13561054,SASTRA INGGRIS,Sarjana,59.0,576.0,9.8,Sedang
362,UNIVERSITAS NEGERI YOGYAKARTA,13621004,PENDIDIKAN BIOLOGI,Sarjana,29.0,284.0,9.8,Sedang
353,UNIVERSITAS SEBELAS MARET,13531070,PENDIDIKAN EKONOMI,Sarjana,36.0,349.0,9.7,Sedang
353,UNIVERSITAS SEBELAS MARET,13531014,KIMIA,Sarjana,27.0,261.0,9.7,Sedang
362,UNIVERSITAS NEGERI YOGYAKARTA,13621009,PENDIDIKAN TEKNIK SIPIL & PERENCANAAN,Sarjana,24.0,233.0,9.7,Sedang
352,UNIVERSITAS TIDAR,13521021,TEKNOLOGI PANGAN,Sarjana,50.0,481.0,9.6,Sedang
361,UNIVERSITAS GADJAH MADA,13611066,FILSAFAT,Sarjana,45.0,427.0,9.5,Sedang
362,UNIVERSITAS NEGERI YOGYAKARTA,13621028,TEKNOLOGI PENDIDIKAN,Sarjana,24.0,228.0,9.5,Sedang
362,UNIVERSITAS NEGERI YOGYAKARTA,13621052,PENDIDIKAN BAHASA INGGRIS,Sarjana,77.0,726.0,9.4,Sedang
361,UNIVERSITAS GADJAH MADA,13611026,MANAJEMEN SUMBERDAYA AKUATIK (MANAJEMEN SUMBER DAYA PERIKANAN),Sarjana,23.0,216.0,9.4,Sedang
363,"UPN ""VETERAN"" YOGYAKARTA",13631016,AKUNTANSI,Sarjana,216.0,2005.0,9.3,Sedang
353,UNIVERSITAS SEBELAS MARET,13531055,PENDIDIKAN KEPELATIHAN OLAHRAGA,Sarjana,50.0,466.0,9.3,Sedang
356,UNIVERSITAS NEGERI SEMARANG,13561034,"PENDIDIKAN JASMANI, KESEHATAN & REKREASI",Sarjana,88.0,810.0,9.2,Sedang
353,UNIVERSITAS SEBELAS MARET,13531065,PENDIDIKAN BAHASA JAWA,Sarjana,27.0,248.0,9.2,Sedang
361,UNIVERSITAS GADJAH MADA,13611024,AKUAKULTUR (BUDIDAYA PERIKANAN),Sarjana,23.0,212.0,9.2,Sedang
362,UNIVERSITAS NEGERI YOGYAKARTA,13621020,PENDIDIKAN KEPELATIHAN OLAHRAGA,Sarjana,60.0,546.0,9.1,Sedang
355,UNIVERSITAS DIPONEGORO,13551029,PETERNAKAN,Sarjana,105.0,956.0,9.1,Sedang
351,UNIVERSITAS JENDERAL SOEDIRMAN,13511038,PENDIDIKAN BAHASA INDONESIA,Sarjana,64.0,574.0,9.0,Sedang
356,UNIVERSITAS NEGERI SEMARANG,13561053,SASTRA INDONESIA,Sarjana,30.0,268.0,8.9,Sedang
362,UNIVERSITAS NEGERI YOGYAKARTA,13621040,PENDIDIKAN AKUNTANSI,Sarjana,36.0,315.0,8.8,Sedang
355,UNIVERSITAS DIPONEGORO,13551052,EKONOMI ISLAM,Sarjana,54.0,475.0,8.8,Sedang
353,UNIVERSITAS SEBELAS MARET,13531051,PENDIDIKAN GEOGRAFI,Sarjana,27.0,238.0,8.8,Sedang
365,UIN SUNAN KALIJAGA,13651005,TEKNIK INFORMATIKA,Sarjana,52.0,459.0,8.8,Sedang
362,UNIVERSITAS NEGERI YOGYAKARTA,13621010,MATEMATIKA,Sarjana,24.0,208.0,8.7,Sedang
361,UNIVERSITAS GADJAH MADA,13611001,BIOLOGI,Sarjana,68.0,583.0,8.6,Sedang
356,UNIVERSITAS NEGERI SEMARANG,13561039,EKONOMI PEMBANGUNAN,Sarjana,95.0,815.0,8.6,Sedang
353,UNIVERSITAS SEBELAS MARET,13531030,PENDIDIKAN IPA,Sarjana,24.0,206.0,8.6,Sedang
356,UNIVERSITAS NEGERI SEMARANG,13561050,PENDIDIKAN BAHASA INGGRIS,Sarjana,65.0,561.0,8.6,Sedang
356,UNIVERSITAS NEGERI SEMARANG,13561012,BIOLOGI,Sarjana,30.0,257.0,8.6,Sedang
353,UNIVERSITAS SEBELAS MARET,13533103,AKUNTANSI (KAMPUS KABUPATEN MADIUN),Diploma Tiga,30.0,256.0,8.5,Sedang
362,UNIVERSITAS NEGERI YOGYAKARTA,13621006,PENDIDIKAN TEKNIK OTOMOTIF,Sarjana,29.0,247.0,8.5,Sedang
353,UNIVERSITAS SEBELAS MARET,13531063,PEND. GURU PEND ANAK USIA DINI (PG-PAUD),Sarjana,24.0,204.0,8.5,Sedang
362,UNIVERSITAS NEGERI YOGYAKARTA,13621029,PENDIDIKAN LUAR BIASA,Sarjana,36.0,303.0,8.4,Sedang
353,UNIVERSITAS SEBELAS MARET,13531050,PENDIDIKAN SEJARAH,Sarjana,27.0,227.0,8.4,Sedang
362,UNIVERSITAS NEGERI YOGYAKARTA,13621046,PENDIDIKAN IPS,Sarjana,33.0,275.0,8.3,Sedang
356,UNIVERSITAS NEGERI SEMARANG,13561038,PENDIDIKAN SOSIOLOGI & ANTROPOLOGI,Sarjana,45.0,373.0,8.3,Sedang
351,UNIVERSITAS JENDERAL SOEDIRMAN,13511008,TEKNIK ELEKTRO,Sarjana,80.0,665.0,8.3,Sedang
351,UNIVERSITAS JENDERAL SOEDIRMAN,13511034,SASTRA INGGRIS,Sarjana,64.0,525.0,8.2,Sedang
356,UNIVERSITAS NEGERI SEMARANG,13561043,ILMU HUKUM,Sarjana,283.0,2329.0,8.2,Sedang
363,"UPN ""VETERAN"" YOGYAKARTA",13631010,AGRIBISNIS,Sarjana,133.0,1083.0,8.1,Sedang
362,UNIVERSITAS NEGERI YOGYAKARTA,13621033,PENDIDIKAN SEJARAH,Sarjana,36.0,290.0,8.1,Sedang
361,UNIVERSITAS GADJAH MADA,13611011,FISIKA,Sarjana,21.0,171.0,8.1,Sedang
362,UNIVERSITAS NEGERI YOGYAKARTA,13621021,PENDIDIKAN JASMANI SEKOLAH DASAR,Sarjana,36.0,293.0,8.1,Sedang
353,UNIVERSITAS SEBELAS MARET,13531048,DESAIN INTERIOR,Sarjana,27.0,215.0,8.0,Sedang
351,UNIVERSITAS JENDERAL SOEDIRMAN,13511037,PENDIDIKAN EKONOMI,Sarjana,40.0,319.0,8.0,Sedang
363,"UPN ""VETERAN"" YOGYAKARTA",13631015,MANAJEMEN,Sarjana,354.0,2832.0,8.0,Sedang
356,UNIVERSITAS NEGERI SEMARANG,13561004,PENDIDIKAN BIOLOGI,Sarjana,41.0,329.0,8.0,Sedang
352,UNIVERSITAS TIDAR,13521025,AGRIBISNIS,Sarjana,50.0,398.0,8.0,Sedang
363,"UPN ""VETERAN"" YOGYAKARTA",13631006,TEKNIK KIMIA,Sarjana,137.0,1087.0,7.9,Sedang
356,UNIVERSITAS NEGERI SEMARANG,13561011,KIMIA,Sarjana,30.0,238.0,7.9,Sedang
352,UNIVERSITAS TIDAR,13521020,PARIWISATA,Sarjana,69.0,535.0,7.8,Sedang
353,UNIVERSITAS SEBELAS MARET,13531094,TEKNOLOGI PENDIDIKAN,Sarjana,30.0,233.0,7.8,Sedang
362,UNIVERSITAS NEGERI YOGYAKARTA,13621041,PENDIDIKAN EKONOMI,Sarjana,41.0,317.0,7.7,Sedang
356,UNIVERSITAS NEGERI SEMARANG,13561068,PENDIDIKAN JASMANI SEKOLAH DASAR,Sarjana,30.0,232.0,7.7,Sedang
356,UNIVERSITAS NEGERI SEMARANG,13561018,TEKNIK KIMIA,Sarjana,50.0,381.0,7.6,Sedang
356,UNIVERSITAS NEGERI SEMARANG,13561071,PENDIDIKAN KESEJAHTERAAN KELUARGA,Sarjana,15.0,112.0,7.5,Sedang
362,UNIVERSITAS NEGERI YOGYAKARTA,13621005,PENDIDIKAN TEKNIK ELEKTRONIKA,Sarjana,12.0,90.0,7.5,Sedang
363,"UPN ""VETERAN"" YOGYAKARTA",13631014,TEKNIK GEOMATIKA,Sarjana,62.0,457.0,7.4,Sedang
351,UNIVERSITAS JENDERAL SOEDIRMAN,13511036,SASTRA JEPANG,Sarjana,64.0,465.0,7.3,Sedang
365,UIN SUNAN KALIJAGA,13651006,TEKNIK INDUSTRI,Sarjana,44.0,317.0,7.2,Sedang
351,UNIVERSITAS JENDERAL SOEDIRMAN,13511017,AGRIBISNIS,Sarjana,84.0,607.0,7.2,Sedang
356,UNIVERSITAS NEGERI SEMARANG,13561001,PENDIDIKAN MATEMATIKA,Sarjana,59.0,423.0,7.2,Sedang
356,UNIVERSITAS NEGERI SEMARANG,13561031,PENDIDIKAN PANCASILA & KEWARGANEGARAAN,Sarjana,45.0,325.0,7.2,Sedang
356,UNIVERSITAS NEGERI SEMARANG,13561032,PENDIDIKAN GEOGRAFI,Sarjana,30.0,213.0,7.1,Sedang
355,UNIVERSITAS DIPONEGORO,13551006,BIOLOGI,Sarjana,63.0,450.0,7.1,Sedang
362,UNIVERSITAS NEGERI YOGYAKARTA,13621030,PENDIDIKAN LUAR SEKOLAH,Sarjana,24.0,167.0,7.0,Sedang
351,UNIVERSITAS JENDERAL SOEDIRMAN,13511039,PENDIDIKAN BAHASA INGGRIS,Sarjana,64.0,448.0,7.0,Sedang
356,UNIVERSITAS NEGERI SEMARANG,13561061,PENDIDIKAN BAHASA JEPANG,Sarjana,40.0,282.0,7.0,Sedang
355,UNIVERSITAS DIPONEGORO,13551014,ILMU KELAUTAN,Sarjana,60.0,421.0,7.0,Sedang
351,UNIVERSITAS JENDERAL SOEDIRMAN,13511016,AGROTEKNOLOGI,Sarjana,120.0,839.0,7.0,Sedang
363,"UPN ""VETERAN"" YOGYAKARTA",13631012,ILMU TANAH,Sarjana,86.0,595.0,6.9,Sedang
356,UNIVERSITAS NEGERI SEMARANG,13561062,PENDIDIKAN BAHASA ARAB,Sarjana,27.0,187.0,6.9,Sedang
362,UNIVERSITAS NEGERI YOGYAKARTA,13621058,PENDIDIKAN SENI TARI,Sarjana,24.0,165.0,6.9,Sedang
365,UIN SUNAN KALIJAGA,13651022,PSIKOLOGI,Sarjana,88.0,603.0,6.9,Sedang
356,UNIVERSITAS NEGERI SEMARANG,13561056,ILMU SEJARAH,Sarjana,30.0,208.0,6.9,Sedang
365,UIN SUNAN KALIJAGA,13651024,ILMU KOMUNIKASI,Sarjana,76.0,518.0,6.8,Sedang
352,UNIVERSITAS TIDAR,13521015,MANAJEMEN,Sarjana,120.0,802.0,6.7,Sedang
355,UNIVERSITAS DIPONEGORO,13551007,KIMIA,Sarjana,63.0,421.0,6.7,Sedang
351,UNIVERSITAS JENDERAL SOEDIRMAN,13511035,HUBUNGAN INTERNASIONAL,Sarjana,76.0,512.0,6.7,Sedang
355,UNIVERSITAS DIPONEGORO,13551015,OCEANOGRAFI,Sarjana,57.0,374.0,6.6,Sedang
351,UNIVERSITAS JENDERAL SOEDIRMAN,13511026,SOSIOLOGI,Sarjana,88.0,583.0,6.6,Sedang
356,UNIVERSITAS NEGERI SEMARANG,13561017,PENDIDIKAN TEKNIK OTOMOTIF,Sarjana,27.0,179.0,6.6,Sedang
356,UNIVERSITAS NEGERI SEMARANG,13561035,PENDIDIKAN KEPELATIHAN OLAHRAGA,Sarjana,65.0,421.0,6.5,Sedang
362,UNIVERSITAS NEGERI YOGYAKARTA,13621053,PENDIDIKAN BAHASA JERMAN,Sarjana,24.0,155.0,6.5,Sedang
362,UNIVERSITAS NEGERI YOGYAKARTA,13621003,PENDIDIKAN KIMIA,Sarjana,24.0,157.0,6.5,Sedang
356,UNIVERSITAS NEGERI SEMARANG,13561033,PENDIDIKAN SEJARAH,Sarjana,30.0,191.0,6.4,Sedang
362,UNIVERSITAS NEGERI YOGYAKARTA,13621008,PENDIDIKAN TEKNIK ELEKTRO,Sarjana,24.0,152.0,6.3,Sedang
355,UNIVERSITAS DIPONEGORO,13551012,AKUAKULTUR,Sarjana,45.0,285.0,6.3,Sedang
363,"UPN ""VETERAN"" YOGYAKARTA",13631018,ILMU HUBUNGAN INTERNASIONAL,Sarjana,137.0,868.0,6.3,Sedang
355,UNIVERSITAS DIPONEGORO,13551036,SASTRA INDONESIA,Sarjana,77.0,483.0,6.3,Sedang
351,UNIVERSITAS JENDERAL SOEDIRMAN,13511032,ILMU POLITIK,Sarjana,72.0,455.0,6.3,Sedang
363,"UPN ""VETERAN"" YOGYAKARTA",13631009,AGROTEKNOLOGI,Sarjana,173.0,1065.0,6.2,Sedang
363,"UPN ""VETERAN"" YOGYAKARTA",13631017,EKONOMI PEMBANGUNAN,Sarjana,192.0,1191.0,6.2,Sedang
352,UNIVERSITAS TIDAR,13521016,ILMU KOMUNIKASI,Sarjana,127.0,772.0,6.1,Sedang
356,UNIVERSITAS NEGERI SEMARANG,13561006,PENDIDIKAN TEKNIK MESIN,Sarjana,27.0,164.0,6.1,Sedang
355,UNIVERSITAS DIPONEGORO,13551005,MATEMATIKA,Sarjana,66.0,394.0,6.0,Sedang
351,UNIVERSITAS JENDERAL SOEDIRMAN,13511007,TEKNIK PERTANIAN,Sarjana,80.0,479.0,6.0,Sedang
356,UNIVERSITAS NEGERI SEMARANG,13561009,MATEMATIKA,Sarjana,27.0,159.0,5.9,Sedang
356,UNIVERSITAS NEGERI SEMARANG,13561008,ILMU KEOLAHRAGAAN,Sarjana,38.0,226.0,5.9,Sedang
362,UNIVERSITAS NEGERI YOGYAKARTA,13621061,PENDIDIKAN BAHASA JAWA,Sarjana,54.0,321.0,5.9,Sedang
356,UNIVERSITAS NEGERI SEMARANG,13561058,PENDIDIKAN BAHASA DAN SASTRA JAWA,Sarjana,35.0,207.0,5.9,Sedang
364,ISI YOGYAKARTA,13641011,DESAIN PRODUK,Sarjana,32.0,189.0,5.9,Sedang
362,UNIVERSITAS NEGERI YOGYAKARTA,13621016,PENDIDIKAN IPA,Sarjana,36.0,214.0,5.9,Sedang
365,UIN SUNAN KALIJAGA,13651029,ILMU HUKUM (IH),Sarjana,80.0,463.0,5.8,Sedang
351,UNIVERSITAS JENDERAL SOEDIRMAN,13511057,STATISTIK,Sarjana,48.0,278.0,5.8,Sedang
356,UNIVERSITAS NEGERI SEMARANG,13561014,PENDIDIKAN IPA,Sarjana,35.0,204.0,5.8,Sedang
362,UNIVERSITAS NEGERI YOGYAKARTA,13621059,PENDIDIKAN SENI MUSIK,Sarjana,24.0,136.0,5.7,Sedang
364,ISI YOGYAKARTA,13641001,SENI TARI,Sarjana,32.0,181.0,5.7,Sedang
364,ISI YOGYAKARTA,13641009,DESAIN INTERIOR,Sarjana,58.0,329.0,5.7,Sedang
351,UNIVERSITAS JENDERAL SOEDIRMAN,13511033,SASTRA INDONESIA,Sarjana,64.0,361.0,5.6,Sedang
364,ISI YOGYAKARTA,13641004,PENCIPTAAN MUSIK,Sarjana,18.0,100.0,5.6,Sedang
351,UNIVERSITAS JENDERAL SOEDIRMAN,13511056,PROTEKSI TANAMAN,Sarjana,28.0,156.0,5.6,Sedang
352,UNIVERSITAS TIDAR,13521002,TEKNIK SIPIL,Sarjana,88.0,493.0,5.6,Sedang
353,UNIVERSITAS SEBELAS MARET,13531012,MATEMATIKA,Sarjana,53.0,295.0,5.6,Sedang
355,UNIVERSITAS DIPONEGORO,13551011,MANAJEMEN SUMBERDAYA PERAIRAN,Sarjana,48.0,269.0,5.6,Sedang
356,UNIVERSITAS NEGERI SEMARANG,13561064,PEND.GURU PEND. ANAK USIA DINI (PGPAUD),Sarjana,39.0,214.0,5.5,Sedang
356,UNIVERSITAS NEGERI SEMARANG,13561029,TEKNOLOGI PENDIDIKAN,Sarjana,36.0,198.0,5.5,Sedang
351,UNIVERSITAS JENDERAL SOEDIRMAN,13511019,PETERNAKAN,Sarjana,126.0,693.0,5.5,Sedang
364,ISI YOGYAKARTA,13641007,SENI RUPA MURNI,Sarjana,48.0,263.0,5.5,Sedang
356,UNIVERSITAS NEGERI SEMARANG,13561042,GEOGRAFI,Sarjana,73.0,397.0,5.4,Sedang
356,UNIVERSITAS NEGERI SEMARANG,13561067,ILMU POLITIK,Sarjana,80.0,430.0,5.4,Sedang
352,UNIVERSITAS TIDAR,13521001,AGROTEKNOLOGI,Sarjana,75.0,408.0,5.4,Sedang
354,ISI SURAKARTA,13541008,FILM DAN TELEVISI,Sarjana,60.0,319.0,5.3,Sedang
355,UNIVERSITAS DIPONEGORO,13551038,SEJARAH,Sarjana,62.0,327.0,5.3,Sedang
355,UNIVERSITAS DIPONEGORO,13551053,ADMINISTRASI PUBLIK KAMPUS REMBANG,Sarjana,45.0,237.0,5.3,Sedang
351,UNIVERSITAS JENDERAL SOEDIRMAN,13511058,BIOLOGI TERAPAN,Sarjana,32.0,164.0,5.1,Sedang
356,UNIVERSITAS NEGERI SEMARANG,13561046,PENDIDIKAN AKUNTANSI,Sarjana,41.0,211.0,5.1,Sedang
353,UNIVERSITAS SEBELAS MARET,13531106,PROTEKSI TANAMAN,Sarjana,40.0,198.0,5.0,Longgar
352,UNIVERSITAS TIDAR,13521003,TEKNIK MESIN,Sarjana,88.0,442.0,5.0,Longgar
362,UNIVERSITAS NEGERI YOGYAKARTA,13621055,PENDIDIKAN SENI RUPA,Sarjana,24.0,121.0,5.0,Longgar
356,UNIVERSITAS NEGERI SEMARANG,13561057,SASTRA JAWA,Sarjana,15.0,75.0,5.0,Longgar
352,UNIVERSITAS TIDAR,13521017,AKUNTANSI,Sarjana,120.0,596.0,5.0,Longgar
351,UNIVERSITAS JENDERAL SOEDIRMAN,13511023,PENDIDIKAN JASMANI,Sarjana,88.0,431.0,4.9,Longgar
352,UNIVERSITAS TIDAR,13521005,PETERNAKAN,Sarjana,75.0,365.0,4.9,Longgar
356,UNIVERSITAS NEGERI SEMARANG,13561070,PENDIDIKAN ILMU PENGETAHUAN SOSIAL,Sarjana,45.0,215.0,4.8,Longgar
364,ISI YOGYAKARTA,13641013,FOTOGRAFI,Sarjana,48.0,228.0,4.8,Longgar
351,UNIVERSITAS JENDERAL SOEDIRMAN,13511053,MIKROBIOLOGI,Sarjana,32.0,153.0,4.8,Longgar
355,UNIVERSITAS DIPONEGORO,13551013,PERIKANAN TANGKAP,Sarjana,38.0,179.0,4.7,Longgar
364,ISI YOGYAKARTA,13641017,TATA KELOLA SENI,Sarjana,30.0,140.0,4.7,Longgar
365,UIN SUNAN KALIJAGA,13651041,SAINS BIOMEDIS,Sarjana,22.0,104.0,4.7,Longgar
356,UNIVERSITAS NEGERI SEMARANG,13561005,PENDIDIKAN TEKNIK BANGUNAN,Sarjana,27.0,126.0,4.7,Longgar
356,UNIVERSITAS NEGERI SEMARANG,13561007,PENDIDIKAN TEKNIK ELEKTRO,Sarjana,27.0,125.0,4.6,Longgar
355,UNIVERSITAS DIPONEGORO,13551016,TEKNOLOGI HASIL PERIKANAN,Sarjana,44.0,201.0,4.6,Longgar
354,ISI SURAKARTA,13541014,SENI INTERMEDIA,Sarjana,10.0,46.0,4.6,Longgar
358,UIN RADEN MAS SAID SURAKARTA,13581002,TEKNOLOGI PANGAN,Sarjana,28.0,128.0,4.6,Longgar
353,UNIVERSITAS SEBELAS MARET,13531022,PENDIDIKAN TEKNIK MESIN,Sarjana,45.0,201.0,4.5,Longgar
362,UNIVERSITAS NEGERI YOGYAKARTA,13621011,FISIKA,Sarjana,24.0,108.0,4.5,Longgar
365,UIN SUNAN KALIJAGA,13651030,ILMU KESEJAHTERAAN SOSIAL (IKS),Sarjana,42.0,191.0,4.5,Longgar
352,UNIVERSITAS TIDAR,13521010,EKONOMI PEMBANGUNAN,Sarjana,120.0,537.0,4.5,Longgar
364,ISI YOGYAKARTA,13641003,PENDIDIKAN MUSIK,Sarjana,36.0,160.0,4.4,Longgar
353,UNIVERSITAS SEBELAS MARET,13531105,INFORMATIKA (KAMPUS KABUPATEN KEBUMEN),Sarjana,25.0,110.0,4.4,Longgar
352,UNIVERSITAS TIDAR,13521013,PENDIDIKAN BAHASA DAN SASTRA INDONESIA,Sarjana,120.0,533.0,4.4,Longgar
365,UIN SUNAN KALIJAGA,13651040,ARSITEKTUR,Sarjana,22.0,97.0,4.4,Longgar
362,UNIVERSITAS NEGERI YOGYAKARTA,13621054,PENDIDIKAN BAHASA PRANCIS,Sarjana,24.0,104.0,4.3,Longgar
356,UNIVERSITAS NEGERI SEMARANG,13561059,"P. SENI DRAMA, TARI & MUSIK (P. SENI TARI)",Sarjana,27.0,116.0,4.3,Longgar
362,UNIVERSITAS NEGERI YOGYAKARTA,13621014,PENDIDIKAN TEKNIK MEKATRONIKA,Sarjana,24.0,103.0,4.3,Longgar
352,UNIVERSITAS TIDAR,13521011,ILMU ADMINISTRASI NEGARA,Sarjana,138.0,591.0,4.3,Longgar
353,UNIVERSITAS SEBELAS MARET,13531019,PENDIDIKAN KIMIA,Sarjana,50.0,215.0,4.3,Longgar
354,ISI SURAKARTA,13541017,DESAIN PRODUK INDUSTRI,Sarjana,12.0,52.0,4.3,Longgar
355,UNIVERSITAS DIPONEGORO,13551008,FISIKA,Sarjana,63.0,272.0,4.3,Longgar
362,UNIVERSITAS NEGERI YOGYAKARTA,13621002,PENDIDIKAN FISIKA,Sarjana,24.0,101.0,4.2,Longgar
352,UNIVERSITAS TIDAR,13521004,TEKNIK ELEKTRO,Sarjana,66.0,270.0,4.1,Longgar
352,UNIVERSITAS TIDAR,13521014,HUKUM,Sarjana,138.0,552.0,4.0,Longgar
353,UNIVERSITAS SEBELAS MARET,13531023,PENDIDIKAN TEKNIK BANGUNAN,Sarjana,45.0,179.0,4.0,Longgar
353,UNIVERSITAS SEBELAS MARET,13531104,ILMU ADMINISTRASI NEGARA (KAMPUS KABUPATEN KEBUMEN),Sarjana,40.0,160.0,4.0,Longgar
353,UNIVERSITAS SEBELAS MARET,13531013,FISIKA,Sarjana,45.0,179.0,4.0,Longgar
357,UIN WALISONGO,13571005,GIZI,Sarjana,56.0,220.0,3.9,Longgar
354,ISI SURAKARTA,13541006,DESAIN INTERIOR,Sarjana,44.0,162.0,3.7,Longgar
364,ISI YOGYAKARTA,13641002,SENI MUSIK,Sarjana,50.0,182.0,3.6,Longgar
351,UNIVERSITAS JENDERAL SOEDIRMAN,13511005,MANAJEMEN SUMBERDAYA PERAIRAN,Sarjana,80.0,289.0,3.6,Longgar
351,UNIVERSITAS JENDERAL SOEDIRMAN,13511015,ILMU KELAUTAN,Sarjana,86.0,312.0,3.6,Longgar
356,UNIVERSITAS NEGERI SEMARANG,13561003,PENDIDIKAN KIMIA,Sarjana,42.0,147.0,3.5,Longgar
353,UNIVERSITAS SEBELAS MARET,13531045,SASTRA DAERAH UNTUK SASTRA JAWA,Sarjana,43.0,150.0,3.5,Longgar
365,UIN SUNAN KALIJAGA,13651013,ILMU PERPUSTAKAAN (IP),Sarjana,68.0,235.0,3.5,Longgar
357,UIN WALISONGO,13571033,MANAJEMEN,Sarjana,80.0,282.0,3.5,Longgar
351,UNIVERSITAS JENDERAL SOEDIRMAN,13511002,KIMIA,Sarjana,88.0,298.0,3.4,Longgar
351,UNIVERSITAS JENDERAL SOEDIRMAN,13511055,PENDIDIKAN BAHASA JEPANG,Sarjana,48.0,163.0,3.4,Longgar
355,UNIVERSITAS DIPONEGORO,13551088,AGRIBISNIS KAMPUS BATANG,Sarjana,30.0,101.0,3.4,Longgar
351,UNIVERSITAS JENDERAL SOEDIRMAN,13511006,AKUAKULTUR,Sarjana,80.0,267.0,3.3,Longgar
356,UNIVERSITAS NEGERI SEMARANG,13561055,SASTRA PRANCIS,Sarjana,36.0,119.0,3.3,Longgar
354,ISI SURAKARTA,13541005,SENI MURNI,Sarjana,32.0,101.0,3.2,Longgar
356,UNIVERSITAS NEGERI SEMARANG,13561045,"SENI RUPA (DKV,LUKIS,PTNG,GRAFIS,GBR KRIYA)",Sarjana,45.0,143.0,3.2,Longgar
358,UIN RADEN MAS SAID SURAKARTA,13581001,ILMU LINGKUNGAN,Sarjana,28.0,90.0,3.2,Longgar
364,ISI YOGYAKARTA,13642023,DESAIN MODE KRIYA BATIK,Sarjana Terapan,30.0,96.0,3.2,Longgar
368,UIN K.H. ABDURRAHMAN WAHID PEKALONGAN,13681001,BISNIS DIGITAL,Sarjana,53.0,163.0,3.1,Longgar
358,UIN RADEN MAS SAID SURAKARTA,13581003,SAINS DATA,Sarjana,28.0,88.0,3.1,Longgar
356,UNIVERSITAS NEGERI SEMARANG,13561060,"P. SENI DRAMA, TARI & MUSIK (P. SENI MUSIK)",Sarjana,30.0,94.0,3.1,Longgar
356,UNIVERSITAS NEGERI SEMARANG,13561010,FISIKA,Sarjana,36.0,107.0,3.0,Longgar
352,UNIVERSITAS TIDAR,13521007,PENDIDIKAN BIOLOGI,Sarjana,72.0,211.0,2.9,Longgar
351,UNIVERSITAS JENDERAL SOEDIRMAN,13511001,BIOLOGI,Sarjana,120.0,346.0,2.9,Longgar
354,ISI SURAKARTA,13541009,FOTOGRAFI,Sarjana,48.0,139.0,2.9,Longgar
357,UIN WALISONGO,13571029,PSIKOLOGI,Sarjana,72.0,210.0,2.9,Longgar
351,UNIVERSITAS JENDERAL SOEDIRMAN,13511003,MATEMATIKA,Sarjana,88.0,254.0,2.9,Longgar
353,UNIVERSITAS SEBELAS MARET,13531018,PENDIDIKAN FISIKA,Sarjana,45.0,124.0,2.8,Longgar
364,ISI YOGYAKARTA,13641006,"PENDIDIKAN SENI DRAMA, TARI, DAN MUSIK",Sarjana,18.0,51.0,2.8,Longgar
354,ISI SURAKARTA,13541001,TARI,Sarjana,52.0,148.0,2.8,Longgar
352,UNIVERSITAS TIDAR,13521012,PENDIDIKAN BAHASA INGGRIS,Sarjana,120.0,342.0,2.8,Longgar
352,UNIVERSITAS TIDAR,13521023,TEKNIK MEKATRONIKA,Sarjana,44.0,121.0,2.8,Longgar
356,UNIVERSITAS NEGERI SEMARANG,13561002,PENDIDIKAN FISIKA,Sarjana,42.0,113.0,2.7,Longgar
353,UNIVERSITAS SEBELAS MARET,13531046,DESAIN MODE,Sarjana,30.0,78.0,2.6,Longgar
365,UIN SUNAN KALIJAGA,13651023,SOSIOLOGI,Sarjana,60.0,159.0,2.6,Longgar
367,UIN SALATIGA,13671001,BISNIS DIGITAL,Sarjana,52.0,132.0,2.5,Longgar
354,ISI SURAKARTA,13542019,DESTINASI PARIWISATA,Sarjana Terapan,10.0,25.0,2.5,Longgar
358,UIN RADEN MAS SAID SURAKARTA,13581004,BIOTEKNOLOGI,Sarjana,28.0,71.0,2.5,Longgar
368,UIN K.H. ABDURRAHMAN WAHID PEKALONGAN,13681003,INFORMATIKA,Sarjana,53.0,130.0,2.5,Longgar
356,UNIVERSITAS NEGERI SEMARANG,13561030,PENDIDIKAN NON FORMAL,Sarjana,30.0,72.0,2.4,Longgar
357,UIN WALISONGO,13571034,TEKNIK LINGKUNGAN,Sarjana,56.0,133.0,2.4,Longgar
356,UNIVERSITAS NEGERI SEMARANG,13561052,PENDIDIKAN SENI RUPA,Sarjana,32.0,76.0,2.4,Longgar
362,UNIVERSITAS NEGERI YOGYAKARTA,13621031,PENDIDIKAN KRIYA,Sarjana,24.0,58.0,2.4,Longgar
365,UIN SUNAN KALIJAGA,13651026,SASTRA INGGRIS (SI),Sarjana,64.0,155.0,2.4,Longgar
357,UIN WALISONGO,13571010,TEKNOLOGI INFORMASI,Sarjana,70.0,165.0,2.4,Longgar
364,ISI YOGYAKARTA,13641005,SENI TEATER,Sarjana,28.0,66.0,2.4,Longgar
353,UNIVERSITAS SEBELAS MARET,13531059,PENDIDIKAN SENI RUPA,Sarjana,40.0,93.0,2.3,Longgar
352,UNIVERSITAS TIDAR,13521009,AKUAKULTUR,Sarjana,75.0,169.0,2.3,Longgar
364,ISI YOGYAKARTA,13641016,SENI PEDALANGAN,Sarjana,6.0,13.0,2.2,Longgar
352,UNIVERSITAS TIDAR,13521008,PENDIDIKAN MATEMATIKA,Sarjana,96.0,209.0,2.2,Longgar
353,UNIVERSITAS SEBELAS MARET,13531047,SENI RUPA,Sarjana,30.0,62.0,2.1,Longgar
351,UNIVERSITAS JENDERAL SOEDIRMAN,13511004,FISIKA,Sarjana,88.0,185.0,2.1,Longgar
357,UIN WALISONGO,13571032,ILMU HUKUM,Sarjana,80.0,160.0,2.0,Longgar
352,UNIVERSITAS TIDAR,13521006,PENDIDIKAN ILMU PENGETAHUAN ALAM,Sarjana,96.0,191.0,2.0,Longgar
365,UIN SUNAN KALIJAGA,13651004,BIOLOGI,Sarjana,40.0,81.0,2.0,Longgar
364,ISI YOGYAKARTA,13641021,KONSERVASI SENI,Sarjana,14.0,28.0,2.0,Longgar
364,ISI YOGYAKARTA,13642026,TEATER MUSIKAL,Sarjana Terapan,10.0,19.0,1.9,Longgar
367,UIN SALATIGA,13671002,TEKNOLOGI INFORMASI,Sarjana,48.0,90.0,1.9,Longgar
354,ISI SURAKARTA,13541015,KOREOGRAFI INKUIRI,Sarjana,10.0,18.0,1.8,Longgar
356,UNIVERSITAS NEGERI SEMARANG,13561051,PENDIDIKAN BAHASA PRANCIS,Sarjana,24.0,42.0,1.8,Longgar
354,ISI SURAKARTA,13541003,TEATER,Sarjana,16.0,27.0,1.7,Longgar
365,UIN SUNAN KALIJAGA,13651010,PENDIDIKAN BIOLOGI,Sarjana,48.0,81.0,1.7,Longgar
364,ISI YOGYAKARTA,13641008,KRIYA SENI,Sarjana,48.0,76.0,1.6,Longgar
354,ISI SURAKARTA,13541010,SENI KARAWITAN,Sarjana,44.0,71.0,1.6,Longgar
366,UIN PROFESOR KIAI HAJI SAIFUDDIN ZUHRI PURWOKERTO,13661002,INFORMATIKA,Sarjana,78.0,116.0,1.5,Longgar
357,UIN WALISONGO,13571030,SOSIOLOGI,Sarjana,48.0,74.0,1.5,Longgar
354,ISI SURAKARTA,13542013,DESAIN MODE BATIK,Sarjana Terapan,36.0,55.0,1.5,Longgar
365,UIN SUNAN KALIJAGA,13651007,PENDIDIKAN MATEMATIKA,Sarjana,48.0,72.0,1.5,Longgar
366,UIN PROFESOR KIAI HAJI SAIFUDDIN ZUHRI PURWOKERTO,13661004,ILMU LINGKUNGAN,Sarjana,40.0,55.0,1.4,Longgar
364,ISI YOGYAKARTA,13641014,SENI KARAWITAN,Sarjana,20.0,26.0,1.3,Longgar
366,UIN PROFESOR KIAI HAJI SAIFUDDIN ZUHRI PURWOKERTO,13661003,PERPUSTAKAAN DAN SAINS INFORMASI,Sarjana,30.0,38.0,1.3,Longgar
357,UIN WALISONGO,13571009,BIOLOGI,Sarjana,42.0,56.0,1.3,Longgar
354,ISI SURAKARTA,13541011,SENI PEDALANGAN,Sarjana,20.0,25.0,1.2,Longgar
364,ISI YOGYAKARTA,13641015,ETNOMUSIKOLOGI,Sarjana,20.0,25.0,1.2,Longgar
357,UIN WALISONGO,13571031,ILMU POLITIK,Sarjana,48.0,56.0,1.2,Longgar
365,UIN SUNAN KALIJAGA,13651001,MATEMATIKA,Sarjana,52.0,61.0,1.2,Longgar
354,ISI SURAKARTA,13541004,KRIYA,Sarjana,28.0,31.0,1.1,Longgar
367,UIN SALATIGA,13671003,SAINS DATA,Sarjana,28.0,32.0,1.1,Longgar
365,UIN SUNAN KALIJAGA,13651003,KIMIA,Sarjana,40.0,42.0,1.0,Longgar
368,UIN K.H. ABDURRAHMAN WAHID PEKALONGAN,13681002,SAINS DATA,Sarjana,43.0,40.0,0.9,Longgar
357,UIN WALISONGO,13571006,MATEMATIKA,Sarjana,42.0,37.0,0.9,Longgar
365,UIN SUNAN KALIJAGA,13651008,PENDIDIKAN FISIKA,Sarjana,36.0,28.0,0.8,Longgar
368,UIN K.H. ABDURRAHMAN WAHID PEKALONGAN,13681004,HUKUM BISNIS,Sarjana,43.0,35.0,0.8,Longgar
366,UIN PROFESOR KIAI HAJI SAIFUDDIN ZUHRI PURWOKERTO,13661001,ARSITEKTUR,Sarjana,50.0,41.0,0.8,Longgar
365,UIN SUNAN KALIJAGA,13651009,PENDIDIKAN KIMIA,Sarjana,36.0,24.0,0.7,Longgar
367,UIN SALATIGA,13671004,PERPUSTAKAAN DAN SAINS INFORMASI,Sarjana,52.0,35.0,0.7,Longgar
354,ISI SURAKARTA,13541002,ETNOMUSIKOLOGI,Sarjana,32.0,18.0,0.6,Longgar
357,UIN WALISONGO,13571007,KIMIA,Sarjana,42.0,26.0,0.6,Longgar
354,ISI SURAKARTA,13542012,SENJATA TRADISIONAL KERIS,Sarjana Terapan,10.0,5.0,0.5,Longgar
365,UIN SUNAN KALIJAGA,13651002,FISIKA,Sarjana,28.0,15.0,0.5,Longgar
357,UIN WALISONGO,13571008,FISIKA,Sarjana,28.0,11.0,0.4,Longgar
351,UNIVERSITAS JENDERAL SOEDIRMAN,1,13511001,BIOLOGI,,120.0,,Longgar
351,UNIVERSITAS JENDERAL SOEDIRMAN,13511060,ARSITEKTUR,Sarjana,24.0,,,Longgar
352,UNIVERSITAS TIDAR,1,13521001,AGROTEKNOLOGI,,75.0,,Longgar
352,UNIVERSITAS TIDAR,13521029,PENDIDIKAN PANCASILA DAN KEWARGANEGARAAN,Sarjana,70.0,,,Longgar
353,UNIVERSITAS SEBELAS MARET,1,13531001,KEDOKTERAN,,72.0,,Longgar
353,UNIVERSITAS SEBELAS MARET,13532108,MANAJEMEN KONSTRUKSI,Sarjana Terapan,27.0,,,Longgar
353,UNIVERSITAS SEBELAS MARET,13532109,BAHASA INGGRIS UNTUK KOMUNIKASI BISNIS DAN PROFESIONAL,Sarjana Terapan,21.0,,,Longgar
353,UNIVERSITAS SEBELAS MARET,13532110,MANAJEMEN BISNIS,Sarjana Terapan,21.0,,,Longgar
353,UNIVERSITAS SEBELAS MARET,13532111,DESAIN MEDIA DIGITAL,Sarjana Terapan,18.0,,,Longgar
353,UNIVERSITAS SEBELAS MARET,13532112,MANAJEMEN PERDAGANGAN INTERNASIONAL,Sarjana Terapan,27.0,,,Longgar
354,ISI SURAKARTA,1,13541001,TARI,,52.0,,Longgar
354,ISI SURAKARTA,13541021,BISNIS MUSIK,Sarjana,10.0,,,Longgar
355,UNIVERSITAS DIPONEGORO,1,13551001,KESEHATAN MASYARAKAT,,123.0,,Longgar
355,UNIVERSITAS DIPONEGORO,13551090,TEKNIK INDUSTRI KAMPUS BATANG,Sarjana,18.0,,,Longgar
356,UNIVERSITAS NEGERI SEMARANG,1,13561001,PENDIDIKAN MATEMATIKA,,59.0,,Longgar
356,UNIVERSITAS NEGERI SEMARANG,13561078,KEDOKTERAN HEWAN,Sarjana,15.0,,,Longgar
357,UIN WALISONGO,1,13571005,GIZI,,56.0,,Longgar
357,UIN WALISONGO,13571035,KEDOKTERAN,Sarjana,25.0,,,Longgar
357,UIN WALISONGO,13571037,BISNIS DIGITAL,Sarjana,32.0,,,Longgar
358,UIN RADEN MAS SAID SURAKARTA,1,13581001,ILMU LINGKUNGAN,,28.0,,Longgar
358,UIN RADEN MAS SAID SURAKARTA,13581005,HUKUM BISNIS,Sarjana,28.0,,,Longgar
358,UIN RADEN MAS SAID SURAKARTA,13581006,BISNIS DIGITAL,Sarjana,32.0,,,Longgar
358,UIN RADEN MAS SAID SURAKARTA,13581007,INFORMATIKA,Sarjana,28.0,,,Longgar
361,UNIVERSITAS GADJAH MADA,1,13611001,BIOLOGI,,68.0,,Longgar
362,UNIVERSITAS NEGERI YOGYAKARTA,1,13621001,PENDIDIKAN MATEMATIKA,,24.0,,Longgar
362,UNIVERSITAS NEGERI YOGYAKARTA,13621096,PENDIDIKAN AGAMA ISLAM,Sarjana,24.0,,,Longgar
363,"UPN ""VETERAN"" YOGYAKARTA",1,13631001,TEKNIK GEOLOGI,,161.0,,Longgar
364,ISI YOGYAKARTA,1,13641001,SENI TARI,,32.0,,Longgar
365,UIN SUNAN KALIJAGA,1,13651001,MATEMATIKA,,52.0,,Longgar
366,UIN PROFESOR KIAI HAJI SAIFUDDIN ZUHRI PURWOKERTO,1,13661001,ARSITEKTUR,,50.0,,Longgar
367,UIN SALATIGA,1,13671001,BISNIS DIGITAL,,52.0,,Longgar
368,UIN K.H. ABDURRAHMAN WAHID PEKALONGAN,1,13681001,BISNIS DIGITAL,,53.0,,Longgar
368,UIN K.H. ABDURRAHMAN WAHID PEKALONGAN,13681005,TEKNIK INDUSTRI,Sarjana,20.0,,,Longgar
368,UIN K.H. ABDURRAHMAN WAHID PEKALONGAN,13681006,GIZI,Sarjana,20.0,,,Longgar
